{
    "display": {
        "icon": {
            "id": "minecraft:chorus_fruit"
        },
        "title": {"translate":"POV: Enderman na Chuva"},
        "description": {"color":"dark_purple","translate":"Coma um pack de Frutas-do-Coro de uma vez!"},
        "announce_to_chat": true,
		"frame": "challenge"
    },
    "parent": "minecraft:end/void_walker",
	"rewards": {
		"function": "minecraft:function/end/a_wizards_breakfast"
    },		
    "criteria": {
        "event_horizon": {
            "trigger": "minecraft:impossible"
        }
    }
}