{
	"display": {
		"icon": {
			"id": "minecraft:light_blue_shulker_box"
		},
		"title": {"translate":"Gerador Anti-Gravidade"},
		"description": {"color":"dark_purple","translate":"Traga um shulker para o mundo e deixe-o lhe dar antigravidade"},
		"announce_to_chat": true,
		"frame": "challenge"
	},
	"parent": "minecraft:end/a_wizards_breakfast",
	"rewards": {
		"function": "minecraft:function/end/anti_gravity_generator"
	},		
	"criteria": {
		"shulker_hurt_player": {
			"trigger": "minecraft:entity_hurt_player",
			"conditions": {
				"damage": {
					"blocked": false,
					"source_entity": {
						"type": "minecraft:shulker",
						"location": {
							"dimension": "overworld"
						}
					}
				}
			}
		}		
	}
}