{
	"display": {
		"icon": {
			"id": "minecraft:dragon_egg"
		},
		"title": {"translate":"A nova geração"},
		"description": {"color":"dark_purple","translate":"Obtenha o Ovo de Dragão"},
		"announce_to_chat": true,
		"frame": "goal"
	},
	"parent": "minecraft:end/kill_dragon",
	"rewards": {
		"function": "minecraft:function/end/the_next_generation"
	},	
	"criteria": {
		"dragon_egg": {
			"trigger": "minecraft:inventory_changed",
			"conditions": {
				"items": [
					{
						"items": [
							"minecraft:dragon_egg"
						]
					}
				]
			}
		}
	}
}