{
	"display": {
		"icon": {
			"id": "minecraft:elytra"
		},
		"title": {"translate":"Ao infinito... e além!"},
		"description": {"color":"dark_purple","translate":"Encontre os élitros"},
		"announce_to_chat": true,
		"frame": "goal"
	},
	"parent": "minecraft:end/find_end_city",
	"rewards": {
		"function": "minecraft:function/end/skys_the_limit"
	},	
	"criteria": {
		"elytra": {
			"trigger": "minecraft:inventory_changed",
			"conditions": {
				"items": [
					{
						"items": [
							"minecraft:elytra"
						]
					}
				]
			}
		}
	}
}