{
	"display": {
		"icon": {
			"id": "minecraft:ender_pearl"
		},
		"title": {"translate":"O começo do fim"},
		"description": {"color":"green","translate":"Fuja da ilha"},
		"announce_to_chat": true
	},
	"parent": "minecraft:end/kill_dragon",
	"rewards": {
		"function": "minecraft:function/end/remote_getaway"
	},	
	"criteria": {
		"outer_pos_x": {
			"trigger": "minecraft:location",
			"conditions": {
				"player": [
					{
						"condition": "minecraft:entity_properties",
						"entity": "this",
						"predicate": {
							"location": {
								"dimension": "minecraft:the_end",
								"position": {
									"x": {
										"min": 750.0
									}
								}
							}
						}
					},
					{
						"condition": "minecraft:inverted",
						"term": {
							"condition": "minecraft:entity_properties",
							"entity": "this",
							"predicate": {
								"type_specific": {
									"type": "player",
									"gamemode": ["spectator"]
								}
							}
						}
					}
				]
			}
		},
		"outer_pos_z": {
			"trigger": "minecraft:location",
			"conditions": {
				"player": [
					{
						"condition": "minecraft:entity_properties",
						"entity": "this",
						"predicate": {
							"location": {
								"dimension": "minecraft:the_end",
								"position": {
									"z": {
										"min": 750.0
									}
								}
							}
						}
					},
					{
						"condition": "minecraft:inverted",
						"term": {
							"condition": "minecraft:entity_properties",
							"entity": "this",
							"predicate": {
								"type_specific": {
									"type": "player",
									"gamemode": ["spectator"]
								}
							}
						}
					}
				]
			}
		},
		"outer_neg_x": {
			"trigger": "minecraft:location",
			"conditions": {
				"player": [
					{
						"condition": "minecraft:entity_properties",
						"entity": "this",
						"predicate": {
							"location": {
								"dimension": "minecraft:the_end",
								"position": {
									"x": {
										"max": -750.0
									}
								}
							}
						}
					},
					{
						"condition": "minecraft:inverted",
						"term": {
							"condition": "minecraft:entity_properties",
							"entity": "this",
							"predicate": {
								"type_specific": {
									"type": "player",
									"gamemode": ["spectator"]
								}
							}
						}
					}
				]
			}
		},
		"outer_neg_z": {
			"trigger": "minecraft:location",
			"conditions": {
				"player": [
					{
						"condition": "minecraft:entity_properties",
						"entity": "this",
						"predicate": {
							"location": {
								"dimension": "minecraft:the_end",
								"position": {
									"z": {
										"max": -750.0
									}
								}
							}
						}
					},
					{
						"condition": "minecraft:inverted",
						"term": {
							"condition": "minecraft:entity_properties",
							"entity": "this",
							"predicate": {
								"type_specific": {
									"type": "player",
									"gamemode": ["spectator"]
								}
							}
						}
					}
				]
			}
		},
		"end_gateway": {
			"trigger": "minecraft:enter_block",
			"conditions": {
				"block": "minecraft:end_gateway"
			}
		}		
	},
	"requirements": [
		[
			"outer_pos_x",
			"outer_pos_z",
			"outer_neg_x",
			"outer_neg_z",
			"end_gateway"
		]		
	]
}