{
    "display": {
        "icon": {
            "id": "minecraft:ender_eye"
        },
        "title": {"translate":"O RETORNO!"},
        "description": {"color":"dark_purple","translate":"Sobreviva ao Void!"},
        "announce_to_chat": true,
		"frame": "challenge"
    },
    "parent": "minecraft:end/the_point_of_no_return",
	"rewards": {
		"function": "minecraft:function/end/event_horizon"
    },		
    "criteria": {
        "event_horizon": {
            "trigger": "minecraft:impossible"
        }
    }
}