{
	"display": {
		"icon": {
			"id": "minecraft:purpur_block"
		},
		"title": {"translate":"A cidade no fim do jogo"},
		"description": {"color":"green","translate":"Entre, o que poderia acontecer?"},
		"announce_to_chat": true
	},
	"parent": "minecraft:end/enter_end_gateway",
	"rewards": {
		"function": "minecraft:function/end/the_city_at_the_end_of_the_game"
	},	
	"criteria": {
		"in_city": {
			"trigger": "minecraft:location",
			"conditions": {
				"player": [
					{
						"condition": "minecraft:entity_properties",
						"entity": "this",
						"predicate": {
							"location": {
								"structures": "end_city"
							}
						}
					},
					{
						"condition": "minecraft:inverted",
						"term": {
							"condition": "minecraft:entity_properties",
							"entity": "this",
							"predicate": {
								"type_specific": {
									"type": "player",
									"gamemode": ["spectator"]
								}
							}
						}
					}
				]
			}
		}
	}
}