{
	"display": {
		"icon": {
			"id": "minecraft:shulker_shell"
		},
		"title": {"translate":"Ótima vista daqui de cima"},
		"description": {"color":"dark_purple","translate":"Levite até 50 blocos de altura com os ataques de um shulker"},
		"announce_to_chat": true,
		"frame": "challenge"
	},
	"parent": "minecraft:end/find_end_city",
	"rewards": {
		"function": "minecraft:function/end/great_view_from_up_here"
	},	
	"criteria": {
		"levitated": {
			"trigger": "minecraft:levitation",
			"conditions": {
				"distance": {
					"y": {
						"min": 50
					}
				}
			}
		}
	}
}