{
    "display": {
        "icon": {
            "id": "minecraft:dragon_head"
        },
        "title": {"translate": "Cortem a Cabeça!"},
        "description": {"color":"green","translate": "Colete a Cabeça de Dragão na ponta de um Navio do Fim"},
        "announce_to_chat": true
    },
    "parent": "minecraft:end/find_end_city",
    "rewards": {
        "function": "minecraft:function/end/off_with_his_head"
    },
    "criteria": {
        "chorus_fruit": {
            "trigger": "minecraft:inventory_changed",
            "conditions": {
                "items": [
                    {
                        "items": [
                            "minecraft:dragon_head"
                        ]
                    }
                ]
            }
        }
    }
}