{
	"display": {
		"icon": {
			"id": "minecraft:end_crystal"
		},
		"title": {"translate":"A volta dos que não foram"},
		"description": {"color":"green","translate":"Invoque novamente o Dragão Ender"},
		"announce_to_chat": true,
		"frame": "goal"
	},
	"parent": "minecraft:end/kill_dragon",
	"rewards": {
		"function": "minecraft:function/end/the_end_again"
	},	
	"criteria": {
		"summoned_dragon": {
			"trigger": "minecraft:summoned_entity",
			"conditions": {
				"entity": {
					"type": "ender_dragon"
				}
			}
		}
	}
}