{
	"display": {
		"icon": {
			"id": "minecraft:dragon_head"
		},
		"title": {"translate":"Como matar o seu Dragão"},
		"description": {"color":"dark_purple","translate":"Mate o Ender Dragon 20 vezes!"},
		"announce_to_chat": true,
		"frame": "challenge"
	},
	"parent": "minecraft:end/what_for",
	"rewards": {
		"function": "minecraft:function/end/ring_of_the_end"
	},		
	"criteria": {
		"ring_of_the_end": {
			"trigger": "minecraft:location",
			"conditions": {
				"player":  {
					"type_specific": {
						"type": "player",
						"stats": [
							{
								"type": "minecraft:killed",
								"stat": "minecraft:ender_dragon",
								"value": {
									"min": 20
								}
							}
						]
					}
				}
			}
		}
	}
}