{
	"display": {
		"icon": {
			"id": "minecraft:feather"
		},
		"title": {"translate":"O Céu é o Limite!"},
		"description": {"color":"green","translate":"Voe acima do Limite de Construção atual!"},
		"announce_to_chat": true,
		"frame": "goal"
	},
	"parent": "minecraft:end/elytra",
	"rewards": {
		"function": "minecraft:function/end/sky_high"
	},		
	"criteria": {
		"world_height": {
			"trigger": "minecraft:location",
			"conditions": {
				"player": [
					{
						"condition": "minecraft:entity_properties",
						"entity": "this",
						"predicate": {
							"location": {
								"position": {
									"y": {
										"min": 325.0
									}
								}
							}
						}
					},
					{
						"condition": "minecraft:inverted",
						"term": {
							"condition": "minecraft:entity_properties",
							"entity": "this",
							"predicate": {
								"type_specific": {
									"type": "player",
									"gamemode": ["spectator"]
								}
							}
						}
					}
				]
			}
		}	
	}
}