{
	"display": {
		"icon": {
			"id": "minecraft:black_concrete_powder"
		},
		"title": {"translate":"O ponto sem retorno...?"},
		"description": {"translate":"Caia no Void"},
		"announce_to_chat": true
	},
	"parent": "minecraft:end/elytra",
	"rewards": {
		"function": "minecraft:function/end/the_point_of_no_return"
	},		
	"criteria": {
		"world_height": {
			"trigger": "minecraft:location",
			"conditions": {
				"player": [
					{
						"condition": "minecraft:entity_properties",
						"entity": "this",
						"predicate": {
							"location": {
								"dimension": "minecraft:the_end",
								"position": {
									"y": {
										"max": 0.0
									}
								}
							}
						}
					},
					{
						"condition": "minecraft:inverted",
						"term": {
							"condition": "minecraft:entity_properties",
							"entity": "this",
							"predicate": {
								"type_specific": {
									"type": "player",
									"gamemode": ["spectator"]
								}
							}
						}
					}
				]
			}
		}	
	}
}