{
	"display": {
		"icon": {
			"id": "minecraft:pearlescent_froglight"
		},
		"title": {"translate":"Battletoads VS o Void"},
		"description": {"color":"dark_purple","translate":"Abaixe um sapo no void usando uma poção de queda lenta e, em seguida, mate-o para que ele se torne um com o void"},
		"announce_to_chat": true,
		"frame": "challenge"
	},
	"parent": "minecraft:end/root",
	"rewards": {
		"function": "minecraft:function/end/the_void_frogs"
	},		
	"criteria": {
		"the_void_frogs": {
			"trigger": "minecraft:player_killed_entity",
			"conditions": {
				"entity": {
					"type": "minecraft:frog",
					"location": {
						"dimension": "the_end",
						"position": {
							"y": {
								"max": 0.0
							}
						}
					},
					"effects": {
						"minecraft:slow_falling": {}
					}
				}
			}
		}
	}
}