{
    "display": {
        "icon": {
            "id": "minecraft:crying_obsidian"
        },
        "title": {"translate":"Para quê? °-°"},
        "description": {"color":"dark_purple","translate":"Crie um pack de Cristais do Fim!"},
        "announce_to_chat": true,
		"frame": "goal"
    },
    "parent": "minecraft:end/respawn_dragon",
	"rewards": {
		"function": "minecraft:function/end/what_for"
    },	
    "criteria": {
        "end_crystal": {
            "trigger": "minecraft:inventory_changed",
            "conditions": {
                "items": [
                    {
						"items": [
							"minecraft:end_crystal"
						],
						"count": 64
                    }
                ]
            }
        }
    }
}