{
	"display": {
		"icon": {
			"id": "minecraft:beacon"
		},
		"title": {"translate":"E houve luz!"},
		"description": {"color":"green","translate":"Carregue um sinalizador à potência máxima"},
		"announce_to_chat": true,
		"frame": "goal"
	},
	"parent": "minecraft:nether/create_beacon",
	"rewards": {
		"function": "minecraft:function/nether/beaconator"
	},	
	"criteria": {
		"beacon": {
			"trigger": "minecraft:construct_beacon",
			"conditions": {
				"level": 4
			}
		}
	}
}