{
	"display": {
		"icon": {
			"id": "minecraft:map"
		},
		"title": {"translate":"Bolha subespacial"},
		"description": {"color":"dark_purple","translate":"Use o Nether para percorrer 7 km no mundo normal"},
		"announce_to_chat": true,
		"frame": "challenge"
	},
	"parent": "minecraft:nether/limbo_walker",
	"rewards": {
		"function": "minecraft:function/nether/subspace_bubble"
	},	
	"criteria": {
		"travelled": {
			"trigger": "minecraft:nether_travel",
			"conditions": {
				"distance": {
					"horizontal": {
						"min": 7000
					}
				}
			}
		}
	}
}