{
    "display": {
        "icon": {
            "id": "minecraft:acacia_boat"
        },
        "title": {"translate":"Equilibrismo"},
        "description": {"color":"dark_purple","translate":"Ande num Lavagante, em cima de um Lavagante, em cima de um Barco, em cima de um Minecart"},
        "announce_to_chat": true,
        "frame": "goal"
    },
    "parent": "minecraft:nether/ride_strider_in_overworld_lava",
    "rewards": {
        "function": "minecraft:function/nether/jenga"
    },		
    "criteria": {
		"jenga": {
			"trigger": "minecraft:started_riding",
			"conditions": {
				"player": [
					{
						"condition": "minecraft:entity_properties",
						"entity": "this",
						"predicate": {
							"vehicle": {
								"type": "strider",
								"vehicle": {
									"type": "strider",
									"vehicle": {
										"type": "#minecraft:boats",
										"vehicle": {
											"type": "minecart"
										}
									}
								}
							}
						}
					}
				]
			}
		}
	}
}