{
    "display": {
        "icon": {
            "id": "minecraft:bedrock"
        },
        "title": {"translate":"I have the high ground"},
        "description": {"color":"dark_purple","translate":"Suba no teto do Nether"},
        "announce_to_chat": true

    },
    "parent": "minecraft:nether/root",
    "rewards": {
        "function": "minecraft:function/nether/limbo_walker"
    },		
	"criteria": {
		"world_height": {
			"trigger": "minecraft:location",
			"conditions": {
				"player": [
					{
						"condition": "minecraft:entity_properties",
						"entity": "this",
						"predicate": {
							"location": {
								"dimension": "the_nether",
								"position": {
									"y": {
										"min": 128.0
									}
								}
							}
						}
					},
					{
						"condition": "minecraft:inverted",
						"term": {
							"condition": "minecraft:entity_properties",
							"entity": "this",
							"predicate": {
								"type_specific": {
									"type": "player",
									"gamemode": ["spectator"]
								}
							}
						}
					}
				]
			}
		}	
	}
}