{
	"display": {
		"icon": {
			"id": "minecraft:netherite_chestplate"
		},
		"title": {"translate":"Duro de matar"},
		"description": {"color":"dark_purple","translate":"Obtenha uma armadura completa de netherita"},
		"announce_to_chat": true,
		"frame": "challenge"
	},
	"parent": "minecraft:nether/diamonds_are_not_forever",
	"rewards": {
		"function": "minecraft:function/nether/a_knight_to_nether_forget"
	},			
	"criteria": {
		"netherite_helmet": {
			"trigger": "minecraft:inventory_changed",
			"conditions": {
				"items": [
					{
						"items": [ 
							"minecraft:netherite_helmet"
						]
					}
				]
			}
		},
		"netherite_chestplate": {
			"trigger": "minecraft:inventory_changed",
			"conditions": {
				"items": [
					{
						"items": [ 
							"minecraft:netherite_chestplate"
						]
					}
				]
			}
		},
		"netherite_leggings": {
			"trigger": "minecraft:inventory_changed",
			"conditions": {
				"items": [
					{
						"items": [ 
							"minecraft:netherite_leggings"
						]
					}
				]
			}
		},
		"netherite_boots": {
			"trigger": "minecraft:inventory_changed",
			"conditions": {
				"items": [
					{
						"items": [ 
							"minecraft:netherite_boots"
						]
					}
				]
			}
		}
	}
}