{
	"display": {
		"icon": {
			"id": "minecraft:lava_bucket"
		},
		"title": {"translate":"Lava, doce lava"},
		"description": {"color":"green","translate":"Leve um lavagante para um loooongo passeio num lago de lava na Superfície"},
		"announce_to_chat": true
	},
	"parent": "minecraft:nether/ride_strider",
	"rewards": {
		"function": "minecraft:function/nether/feels_like_home"
	},
  "criteria": {
	"ride_entity_distance": {
		"trigger": "minecraft:ride_entity_in_lava",
			"conditions": {
				"player": [
					{
						"condition": "minecraft:entity_properties",
						"predicate": {
							"location": {
								"dimension": "minecraft:overworld"
							},
							"vehicle": {
								"type": "minecraft:strider"
							}
						},
						"entity": "this"
					}
				],
				"distance": {
					"horizontal": {
						"min": 50.0
					}
				}
			}
		}
	}
}