{
	"display": {
		"icon": {
			"id": "minecraft:red_nether_bricks"
		},
		"title": {"translate":"Nether"},
		"description": {"color":"#CCCCCC","translate":"Traga uns óculos de sol"},
		"background": "minecraft:textures/block/netherrack.png",
		"show_toast": false,
		"announce_to_chat": false
	},
	"rewards": {
		"function": "minecraft:function/nether/root"
	},	
	"criteria": {
		"nether": {
			"trigger": "minecraft:changed_dimension",
			"conditions": {
				"to": "the_nether",
				"from": "overworld"
			}
		}
	}
}