{
	"display": {
		"icon": {
			"id": "minecraft:netherite_upgrade_smithing_template"
		},
		"title": {"translate":"Subindo De Nivel!"},
		"description": {"color":"green","translate":"Encontre um molde de ferraria para aprimoramento de Netherita em um bastião remanescente"},
		"announce_to_chat": true,
		"frame": "goal"
	},
	"parent": "minecraft:nether/loot_bastion",
	"rewards": {
		"function": "minecraft:function/nether/time_to_upgrade"
	},	
	"criteria": {
		"netherite_upgrade_smithing_template": {
			"trigger": "minecraft:inventory_changed",
			"conditions": {
				"items": [
					{
						"items": [
							"minecraft:netherite_upgrade_smithing_template"
						]
					}
				]
			}
		}
	}
}