{	
	"criteria": {
		"below_void": {
			"trigger": "minecraft:location",
			"conditions": {
				"player": {
					"location": {
						"position": {
							"y": {
								"max": -64.0
							}
						},
						"dimension": "minecraft:the_end"
					}
				}
			}
		},
		"below_void": {
			"trigger": "minecraft:location",
			"conditions": {
				"player": [
					{
						"condition": "minecraft:entity_properties",
						"entity": "this",
						"predicate": {
							"location": {
								"position": {
									"y": {
										"max": -64.0
									}
								},
								"dimension": "minecraft:the_end"
							}
						}
					}
				]
			}
		}
	}
}