{
	"rewards": {
		"function": "blazeandcave:riddle/fourth_line"
	},
	"criteria": {
		"fourth_line": {
			"trigger": "minecraft:enter_block",
			"conditions": {
				"block": "minecraft:tripwire",
				"state": {
					"disarmed": "true"
				},
				"player":  {
					"location": {
						"structure": "jungle_pyramid"
					},
					"type_specific": {
						"type": "player",
						"advancements": {
							"blazeandcave:technical/riddle_third_line": "true"
						}
					}
				}
			}
		},
		"fourth_line_jungle": {
			"trigger": "minecraft:enter_block",
			"conditions": {
				"block": "minecraft:tripwire",
				"state": {
					"disarmed": "true"
				},
				"player":  {
					"location": {
						"biome": "jungle"
					},
					"stepping_on": {
						"block": {
							"blocks": [
								"cobblestone",
								"mossy_cobblestone"
							]
						}
					},
					"type_specific": {
						"type": "player",
						"advancements": {
							"blazeandcave:technical/riddle_third_line": "true"
						}
					}
				}
			}
		},
		"fourth_line_sparse_jungle": {
			"trigger": "minecraft:enter_block",
			"conditions": {
				"block": "minecraft:tripwire",
				"state": {
					"disarmed": "true"
				},
				"player":  {
					"location": {
						"biome": "sparse_jungle"
					},
					"stepping_on": {
						"block": {
							"blocks": [
								"cobblestone",
								"mossy_cobblestone"
							]
						}
					},
					"type_specific": {
						"type": "player",
						"advancements": {
							"blazeandcave:technical/riddle_third_line": "true"
						}
					}
				}
			}
		},
		"fourth_line_bamboo_jungle": {
			"trigger": "minecraft:enter_block",
			"conditions": {
				"block": "minecraft:tripwire",
				"state": {
					"disarmed": "true"
				},
				"player":  {
					"location": {
						"biome": "bamboo_jungle"
					},
					"stepping_on": {
						"block": {
							"blocks": [
								"cobblestone",
								"mossy_cobblestone"
							]
						}
					},
					"type_specific": {
						"type": "player",
						"advancements": {
							"blazeandcave:technical/riddle_third_line": "true"
						}
					}
				}
			}
		}
	},
	"requirements": [
		[
			"fourth_line",
			"fourth_line_jungle",
			"fourth_line_sparse_jungle",
			"fourth_line_bamboo_jungle"
		]
	]
}