{
    "display": {
        "icon": {
            "item": "minecraft:oak_fence",
			"nbt": "{Enchantments:[{id:\"minecraft:unbreaking\",lvl:1}]}"
        },
        "title": {"translate":"Ginsu de Madeira"},
        "description": {"color":"dark_purple","translate":"Encante uma espada de madeira com Afiação V. Não é a melhor arma, mas dá pra encher o saco de alguém."},
        "announce_to_chat": "true",
		"frame": "challenge"
    },
    "parent": "minecraft:magia/enchant_item",
    "rewards": {
		"function": "bc_rewards:enchanting/a_rather_pointy_fence_post"
    },		
    "criteria": {
        "rather_pointy_fence_post": {
            "trigger": "minecraft:inventory_changed",
            "conditions": {
				"items": [
                    {
						"items": [
							"minecraft:wooden_sword"
						],
						"enchantments": [
							{
								"enchantment": "minecraft:sharpness",
								"levels": 5
							}	
						]
                    }
                ]
            }
        }
    }
}