{
	"display": {
		"icon": {
			"item": "minecraft:milk_bucket"
		},
		"title": {"translate":"Mistura explosiva"},
		"description": {"color":"dark_purple","translate":"Tenha todos os efeitos de poções ao mesmo tempo"},
		"announce_to_chat": "true",
		"frame": "challenge"
	},
	"parent": "minecraft:magia/potions",
	"rewards": {
		"function": "bc_rewards:potion/a_furious_cocktail"
	},		
	"criteria": {
		"all_effects": {
			"trigger": "minecraft:effects_changed",
			"conditions": {
				"effects": {
					"minecraft:speed": {},
					"minecraft:slowness": {},
					"minecraft:strength": {},
					"minecraft:jump_boost": {},
					"minecraft:regeneration": {},
					"minecraft:fire_resistance": {},
					"minecraft:water_breathing": {},
					"minecraft:invisibility": {},
					"minecraft:night_vision": {},
					"minecraft:weakness": {},
					"minecraft:poison": {},
					"minecraft:slow_falling": {},
					"minecraft:resistance": {}
				}
			}
		}
	}
}