{
	"display": {
		"icon": {
			"item": "minecraft:brewing_stand"
		},
		"title": {"translate":"Aprendiz de químico"},
		"description": {"color":"green","translate":"Prepare uma poção"},
		"announce_to_chat": "true"
	},
	"parent": "minecraft:magia/root",
	"rewards": {
		"function": "bc_rewards:nether/local_brewery"
	},	
	"criteria": {
		"brewing_stand": {
			"trigger": "minecraft:inventory_changed",
			"conditions": {
				"items": [
					{
						"items": [
							"minecraft:brewing_stand"
						]
					}
				]
			}
		}
	}
}