{
    "display": {
        "icon": {
            "item": "minecraft:potion",
			"nbt": "{Potion:\"minecraft:thick\"}"
        },
        "title": {"translate":"Então essa é a Água 2?"},
        "description": {"color":"green","translate":"Fermente uma poção mundana e uma grossa"},
        "announce_to_chat": "true"
    },
    "parent": "minecraft:magia/potions",
	"rewards": {
		"function": "bc_rewards:potion/failed_concoctions"
    },	
    "criteria": {
        "thick_potion": {
            "trigger": "minecraft:brewed_potion",
            "conditions": {
                "potion": "minecraft:thick"
            }
        },
        "mundane_potion": {
            "trigger": "minecraft:brewed_potion",
            "conditions": {
                "potion": "minecraft:mundane"
            }
        }
    }
}