{
    "display": {
        "icon": {
            "item": "minecraft:netherite_axe",
            "nbt": "{Enchantments:[{id:\"minecraft:unbreaking\",lvl:1}]}"
        },
        "title": {"translate":"Legítima defesa"},
        "description": {"color":"dark_purple","translate":"Aplique um dano de 16 corações em um inimigo com um único ataque"},
        "announce_to_chat": "true",
		"frame": "challenge"
    },
    "parent": "minecraft:magia/a_rather_pointy_fence_post",
    "rewards": {
		"function": "bc_rewards:enchanting/over_overkill"
    },		
	"criteria": {
		"overkill": {
			"trigger": "minecraft:player_hurt_entity",
			"conditions": {
				"damage": {
					"dealt": {
						"min": 32.0,
						"max": 999.0
					},
					"type": {
						"tags": [
							{
								"id": "minecraft:player_attack",
								"expected": true
							}
						]
					}
				}
			}
		}
	}
}