{
    "display": {
        "title": {
            "text": "Poções"
        },
        "description": {
            "text": "De todas as Cores e Sabores... e Efeitos"
        },
        "icon": {
            "item": "minecraft:potion"
        },
        "frame": "task",
        "show_toast": "true",
        "announce_to_chat": true,
        "hidden": false
    },
    "criteria": {
        "brew": {
            "trigger": "minecraft:brewed_potion"
        }
    },
    "parent": "minecraft:magia/brew_potion"
}