{
	"display": {
		"icon": {
			"id": "minecraft:spectral_arrow"
		},
		"title": {"translate":"Tiro certeiro"},
		"description": {"color":"dark_purple","translate":"Mate cinco criaturas diferentes com um só tiro de besta"},
		"announce_to_chat": true,
		"frame": "challenge"
	},
	"parent": "minecraft:combate/ol_betsy",
	"rewards": {
		"function": "minecraft:function/combate/arbalistic"
	},	
	"criteria": {
		"arbalistic": {
			"trigger": "minecraft:killed_by_crossbow",
			"conditions": {
				"victims": [],
				"unique_entity_types": 5
			}
		}
	}
}