{
    "display": {
        "icon": {
            "id": "minecraft:creeper_head"
        },
        "title": {"translate":"Cabeça de Crepe"},
        "description": {"color":"dark_purple","translate":"Exploda um creeper com um creeper carregado para ganhar uma cabeça"},
        "announce_to_chat": true,
		"frame": "challenge"
    },
    "parent": "minecraft:combate/spooky_skulls",
    "rewards": {
        "function": "minecraft:function/combate/creepy_heads"
    },		
    "criteria": {
        "creeper_head": {
            "trigger": "minecraft:inventory_changed",
            "conditions": {
                "items": [
                    {
						"items": [
							"minecraft:creeper_head"
						]
                    }
                ]
            }
        }
    }
}