{
	"display": {
		"icon": {
			"id": "minecraft:shield",
			"components": {
				"minecraft:banner_patterns": [
					{
						"color": "light_gray",
						"pattern": "minecraft:triangle_bottom"
					},
					{
						"color": "light_gray",
						"pattern": "minecraft:triangle_top"
					},
					{
						"color": "light_gray",
						"pattern": "minecraft:rhombus"
					},
					{
						"color": "light_gray",
						"pattern": "minecraft:curly_border"
					},
					{
						"color": "white",
						"pattern": "minecraft:skull"
					}
				]
			}
		},
		"title": {"translate":"Hoje não, valeu"},
		"description": {"color":"#49DB49","translate":"Desvie um projétil com um escudo"},
		"announce_to_chat": true
	},
	"parent": "minecraft:combate/kill_a_mob",
	"rewards": {
		"function": "minecraft:function/combate/not_today_thank_you"
	},
	"criteria": {
		"deflected_skeleton": {
			"trigger": "minecraft:entity_hurt_player",
			"conditions": {
				"damage": {
					"type": {
						"tags": [
							{
								"id": "minecraft:is_projectile",
								"expected": true
							}
						]
					},
					"blocked": true,
					"source_entity": {
						"type": "skeleton"
					}
				}
			}
		},
		"deflected_stray": {
			"trigger": "minecraft:entity_hurt_player",
			"conditions": {
				"damage": {
					"type": {
						"tags": [
							{
								"id": "minecraft:is_projectile",
								"expected": true
							}
						]
					},
					"blocked": true,
					"source_entity": {
						"type": "stray"
					}
				}
			}
		}		
	},
	"requirements": [
		[
		"deflected_skeleton",
		"deflected_stray"
		]
	]
}