{
    "display": {
        "icon": {
			"id": "minecraft:leather_chestplate",
			"components": {
				"minecraft:dyed_color": 16383998
			}
		},
        "title": {"translate":"Kung Fu Panda!"},
        "description": {"color":"green","translate":"Seja morto por um panda raivoso"},
        "announce_to_chat": true

    },
    "parent": "minecraft:combate/loser",
    "rewards": {
        "function": "minecraft:function/combate/kung_fu_panda"
    },		
    "criteria": {
		"panda": {
			"trigger": "minecraft:entity_killed_player",
			"conditions": {
				"entity": {
					"type": "panda"
				}
			}
		}
	}
}