{
	"display": {
		"icon": {
			"id": "minecraft:piglin_head"
		},
		"title": {"translate":"Technoblade Reference"},
		"description": {"color":"dark_purple","translate":"Obtenha uma Cabeça de Piglin explodindo um Piglin com um Creeper carregado"},
		"announce_to_chat": true,
		"frame": "challenge"
	},
	"parent": "minecraft:combate/still_talking",
	"rewards": {
		"function": "minecraft:function/combate/piglin_peril"
	},	
	"criteria": {
		"piglin_head": {
			"trigger": "minecraft:inventory_changed",
			"conditions": {
				"items": [
					{
						"items": [
							"minecraft:piglin_head"
						]
					}
				]
			}
		}
	}
}