{
    "display": {
        "title": {
            "text": "Combate",
            "color": "white",
            "bold": false,
            "italic": false,
            "underlined": false,
            "strikethrough": false,
            "obfuscated": false
        },
        "description": {
            "text": "Se você conhece o inimigo e conhece a si mesmo, não precisa temer o resultado de cem batalhas. -Sun Tzu",
            "color": "green",
            "bold": false
        },
        "icon": {
            "id": "minecraft:diamond_axe"
        },
        "frame": "task",
        "show_toast": false,
        "announce_to_chat": true,
        "hidden": false,
        "background": "minecraft:textures/block/red_concrete.png"
    },
	"criteria": {
		"killed_something": {
			"trigger": "minecraft:player_killed_entity"
		},
		"killed_by_something": {
			"trigger": "minecraft:entity_killed_player"
		}
	},
	"requirements": [
		[
			"killed_something", 
			"killed_by_something"
		]
	]
}