{
	"display": {
		"icon": {
			"id": "minecraft:skeleton_skull"
		},
		"title": {"translate":"Duelo de atiradores"},
		"description": {"color":"dark_purple","translate":"Mate um esqueleto a pelo menos 50 blocos de distância"},
		"announce_to_chat": true,
		"frame": "challenge"
	},
	"parent": "minecraft:combate/shoot_arrow",
	"rewards": {
		"function": "minecraft:function/combate/sniper_duel"
	},	
	"criteria": {
		"killed_skeleton": {
			"trigger": "minecraft:player_killed_entity",
			"conditions": {
				"killing_blow": {
					"tags": [
							{
								"id": "minecraft:is_projectile",
								"expected": true
							}
						]
				},
				"entity": {
					"type": "skeleton",
					"distance": {
						"horizontal": {
							"min": 50
						}
					}
				}
			}
		},
		"killed_stray": {
			"trigger": "minecraft:player_killed_entity",
			"conditions": {
				"killing_blow": {
					"tags": [
							{
								"id": "minecraft:is_projectile",
								"expected": true
							}
						]
				},
				"entity": {
					"type": "stray",
					"distance": {
						"horizontal": {
							"min": 50
						}
					}
				}
			}
		}	
	},
	"requirements": [
		[
		"killed_skeleton",
		"killed_stray"
		]
	]
}