{
    "display": {
        "icon": {
            "id": "minecraft:diamond_sword"
        },
        "title": {"translate":"Dark Repulser"},
        "description": {"color":"green","translate":"Você gosta da minha espada?"},
        "announce_to_chat": true
    },
    "parent": "minecraft:combate/obtain_armor",
    "rewards": {
		"function": "minecraft:function/combate/stabcraft"
    },			
    "criteria": {
        "diamond_sword": {
            "trigger": "minecraft:inventory_changed",
            "conditions": {
                "items": [
                    {
						"items": [
							"minecraft:diamond_sword"
						]
                    }
                ]
            }
        }
    }
}