{
	"display": {
		"icon": {
			"id": "minecraft:sculk_sensor"
		},
		"title": {"translate":"Furtividade é opcional"},
		"description": {"color":"dark_purple","translate":"Mate um Warden nas cavernas mais profundas e escuras"},
		"announce_to_chat": true,
		"frame": "goal"
	},
	"parent": "minecraft:mining/fallen_kingdom",
	"rewards": {
		"function": "minecraft:function/combate/stealth_is_optional"
	},		
	"criteria": {
		"warden": {
			"trigger": "minecraft:player_killed_entity",
			"conditions": {
				"entity": {
					"type": "warden"
				}
			}
		}
	}
}