{
    "display": {
        "icon": {
            "id": "minecraft:bone"
        },
        "title": {"translate":"Cavalaria Morto-Vivo"},
        "description": {"color":"dark_purple","translate":"Monte em um cavalo esqueleto"},
        "announce_to_chat": true,
        "frame": "goal"
    },
    "parent": "minecraft:combate/bone_to_party",
    "rewards": {
        "function": "minecraft:function/combate/the_undead_cavalry"
    },		
    "criteria": {
        "skeleton_horse": {
			"trigger": "minecraft:started_riding",
			"conditions": {
				"player": [
					{
						"condition": "minecraft:entity_properties",
						"predicate": {
							"vehicle": {
								"type": "minecraft:skeleton_horse"
							}
						},
						"entity": "this"
					}
				]
			}
		}
    }
}