{
	"display": {
		"icon": {
			"id": "minecraft:player_head",
			"components": {"profile":{"id":[2120219433,-281328181,-1324650444,-2004341079],"properties":[{"name":"textures","value":"eyJ0ZXh0dXJlcyI6eyJTS0lOIjp7InVybCI6Imh0dHA6Ly90ZXh0dXJlcy5taW5lY3JhZnQubmV0L3RleHR1cmUvM2VmZTgyYjMzM2JjZjBlNWExNzc3NDMzMGQzYjAwNDliNTZlNmFlOGMzMDJmMTU3Y2IyNTNhNDA0M2I1NGM2NiJ9fX0="}]}}
		},
		"title": {"translate":"Ladrão que rouba ladrão"},
		"description": {"translate":"Faça um saqueador provar do próprio veneno"},
		"announce_to_chat": true
	},
	"parent": "minecraft:combate/ol_betsy",
	"rewards": {
		"function": "minecraft:function/combate/whos_the_pillager_now"
	},
	"criteria": {
		"kill_pillager": {
			"trigger": "minecraft:killed_by_crossbow",
			"conditions": {
				"victims": [
					{
						"type": "minecraft:pillager"
					}
				]
			}
		}
	}
}
