{
    "display": {
        "icon": {
            "item": "minecraft:conduit"
        },
        "title": {"translate":"Zona Abissal"},
        "description": {"color":"#FF2A2A","translate":"Consiga um pack de Conduites"},
        "announce_to_chat": "true",
		"frame": "challenge"
    },
    "parent": "minecraft:desafios/warlock",
	"rewards": {
		"function": "bc_rewards:challenges/abyss_lord"
    },		
    "criteria": {
        "conduit": {
            "trigger": "minecraft:inventory_changed",
            "conditions": {
                "items": [
                    {
						"items": [
							"minecraft:conduit"
						],
						"count": 64
                    }
                ]
            }
        }
    }
}