{
	"display": {
		"icon": {
			"item": "minecraft:firework_rocket"
		},
		"title": {"translate":"Yuri Gagarin"},
		"description": {"color":"#FF2A2A","translate":"Voe a uma altitude de 10.000 Blocos!"},
		"announce_to_chat": "true",
		"frame": "challenge"
	},
	"parent": "minecraft:desafios/root",
	"rewards": {
		"function": "bc_rewards:challenges/ad_astra"
	},		
	"criteria": {
		"world_height": {
			"trigger": "minecraft:location",
			"conditions": {
				"player": [
					{
						"condition": "minecraft:entity_properties",
						"entity": "this",
						"predicate": {
							"location": {
								"position": {
									"y": {
										"min": 10000.0
									}
								}
							}
						}
					},
					{
						"condition": "minecraft:inverted",
						"term": {
							"condition": "minecraft:entity_properties",
							"entity": "this",
							"predicate": {
								"type_specific": {
									"type": "player",
									"gamemode": "spectator"
								}
							}
						}
					}
				]
			}
		}	
	}
}