{
    "display": {
        "title": {
            "text": "Desafio Hardware",
            "color": "red",
            "bold": true,
            "italic": false,
            "underlined": false,
            "strikethrough": false,
            "obfuscated": false
        },
        "description": {
            "text": "Nem o Zoio conseguiu...",
            "color": "red",
            "bold": false
        },
        "icon": {
            "item": "minecraft:ender_eye"
        },
        "frame": "task",
        "show_toast": false,
        "announce_to_chat": true,
        "hidden": false,
        "background": "minecraft:textures/block/bedrock.png"
    },
    "criteria": {
        "entrar no end": {
            "trigger": "minecraft:location",
            "conditions": {
                "biome": "minecraft:the_end",
                "dimension": "the_end"
            }
        }
    }
}