{
    "display": {
        "icon": {
            "item": "minecraft:trident"
        },
        "title": {"translate":"Cosplay de aquaman"},
        "description": {"color":"green","translate":"Obtenha um tridente de um Afogado"},
        "announce_to_chat": "true",
		"frame": "goal"
    },
    "parent": "minecraft:combate/kill_a_mob",
    "rewards": {
        "function": "bc_rewards:monsters/because_im_aquaman"
    },		
    "criteria": {
        "trident": {
            "trigger": "minecraft:inventory_changed",
            "conditions": {
                "items": [
                    {
						"items": [
							"minecraft:trident"
						]
                    }
                ]
            }
        }
    }
}