{
	"display": {
		"icon": {
			"item": "minecraft:shield",
			"nbt": "{BlockEntityTag:{Base:0,Patterns:[{Pattern:bt,Color:8},{Pattern:tt,Color:8},{Pattern:mr,Color:8},{Pattern:cbo,Color:8},{Pattern:sku,Color:0}]}}"
		},
		"title": {"translate":"Hoje não, valeu"},
		"description": {"color":"#49DB49","translate":"Desvie um projétil com um escudo"},
		"announce_to_chat": "true"
	},
	"parent": "minecraft:combate/kill_a_mob",
	"rewards": {
		"function": "bc_rewards:monsters/not_today_thank_you"
	},
	"criteria": {
		"deflected_skeleton": {
			"trigger": "minecraft:entity_hurt_player",
			"conditions": {
				"damage": {
					"type": {
						"tags": [
							{
								"id": "minecraft:is_projectile",
								"expected": true
							}
						]
					},
					"blocked": true,
					"source_entity": {
						"type": "skeleton"
					}
				}
			}
		},
		"deflected_stray": {
			"trigger": "minecraft:entity_hurt_player",
			"conditions": {
				"damage": {
					"type": {
						"tags": [
							{
								"id": "minecraft:is_projectile",
								"expected": true
							}
						]
					},
					"blocked": true,
					"source_entity": {
						"type": "stray"
					}
				}
			}
		}		
	},
	"requirements": [
		[
		"deflected_skeleton",
		"deflected_stray"
		]
	]
}