{
	"display": {
		"icon": {
			"item": "minecraft:arrow"
		},
		"title": {"translate":"Impossível..."},
		"description": {"color":"dark_purple","translate":"Mate um enderman com uma flecha"},
		"announce_to_chat": "true",
		"frame": "challenge"
	},
	"parent": "minecraft:combate/kill_a_mob",
	"rewards": {
		"function": "bc_rewards:monsters/impossible"
	},		
	"criteria": {
		"enderman_arrow": {
			"trigger": "minecraft:player_killed_entity",
			"conditions": {
				"entity": {
					"type": "enderman",
					"distance": {
						"absolute": {
							"max": 5
						}
					}
				},
				"killing_blow": {
					"source_entity": {
						"equipment": {
							"mainhand": {
								"items": [
									"minecraft:arrow",
									"minecraft:tipped_arrow",
									"minecraft:spectral_arrow"
								]
							}
						}
					}
				}
			}
		}	
	}
}