{
	"display": {
		"icon": {
			"item": "minecraft:iron_sword"
		},
		"title": {"translate":"Caçador de monstros"},
		"description": {"translate":"Mate uma criatura hostil"},
		"announce_to_chat": "true"
	},
	"parent": "minecraft:combate/root",
	"rewards": {
		"function": "bc_rewards:monsters/monster_hunter"
	},		
	"criteria": {
		"monster_hunter": {
			"trigger": "minecraft:player_killed_entity",
			"conditions": {
				"entity": {
					"type": "#blazeandcave:hostile_monsters"
				}
			}
		}
	}
}