{
	"display": {
		"icon": {
			"item": "minecraft:diamond_sword"
		},
		"title": {"translate":"Sem piedade"},
		"description": {"translate":"Mate uma criatura hostil de cada tipo"},
		"announce_to_chat": "true",
		"frame": "challenge"
	},
	"parent": "minecraft:combate/demolitions_expert",
	"rewards": {
		"function": "bc_rewards:monsters/monsters_hunted"
	},	
	"criteria": {
	"minecraft:cave_spider": {
	  "trigger": "minecraft:player_killed_entity",
	  "conditions": {
		"entity": {
		  "type": "minecraft:cave_spider"
		}
	  }
	},
	"minecraft:spider": {
	  "trigger": "minecraft:player_killed_entity",
	  "conditions": {
		"entity": {
		  "type": "minecraft:spider"
		}
	  }
	},
	"minecraft:zombified_piglin": {
	  "trigger": "minecraft:player_killed_entity",
	  "conditions": {
		"entity": {
		  "type": "minecraft:zombified_piglin"
		}
	  }
	},
	"minecraft:enderman": {
	  "trigger": "minecraft:player_killed_entity",
	  "conditions": {
		"entity": {
		  "type": "minecraft:enderman"
		}
	  }
	},
	"minecraft:blaze": {
	  "trigger": "minecraft:player_killed_entity",
	  "conditions": {
		"entity": {
		  "type": "minecraft:blaze"
		}
	  }
	},
	"minecraft:creeper": {
	  "trigger": "minecraft:player_killed_entity",
	  "conditions": {
		"entity": {
		  "type": "minecraft:creeper"
		}
	  }
	},
	"minecraft:evoker": {
	  "trigger": "minecraft:player_killed_entity",
	  "conditions": {
		"entity": {
		  "type": "minecraft:evoker"
		}
	  }
	},
	"minecraft:ghast": {
	  "trigger": "minecraft:player_killed_entity",
	  "conditions": {
		"entity": {
		  "type": "minecraft:ghast"
		}
	  }
	},
	"minecraft:guardian": {
	  "trigger": "minecraft:player_killed_entity",
	  "conditions": {
		"entity": {
		  "type": "minecraft:guardian"
		}
	  }
	},
	"minecraft:husk": {
	  "trigger": "minecraft:player_killed_entity",
	  "conditions": {
		"entity": {
		  "type": "minecraft:husk"
		}
	  }
	},
	"minecraft:magma_cube": {
	  "trigger": "minecraft:player_killed_entity",
	  "conditions": {
		"entity": {
		  "type": "minecraft:magma_cube"
		}
	  }
	},
	"minecraft:shulker": {
	  "trigger": "minecraft:player_killed_entity",
	  "conditions": {
		"entity": {
		  "type": "minecraft:shulker"
		}
	  }
	},
	"minecraft:silverfish": {
	  "trigger": "minecraft:player_killed_entity",
	  "conditions": {
		"entity": {
		  "type": "minecraft:silverfish"
		}
	  }
	},
	"minecraft:skeleton": {
	  "trigger": "minecraft:player_killed_entity",
	  "conditions": {
		"entity": {
		  "type": "minecraft:skeleton"
		}
	  }
	},
	"minecraft:slime": {
	  "trigger": "minecraft:player_killed_entity",
	  "conditions": {
		"entity": {
		  "type": "minecraft:slime"
		}
	  }
	},
	"minecraft:stray": {
	  "trigger": "minecraft:player_killed_entity",
	  "conditions": {
		"entity": {
		  "type": "minecraft:stray"
		}
	  }
	},
	"minecraft:vindicator": {
	  "trigger": "minecraft:player_killed_entity",
	  "conditions": {
		"entity": {
		  "type": "minecraft:vindicator"
		}
	  }
	},
	"minecraft:witch": {
	  "trigger": "minecraft:player_killed_entity",
	  "conditions": {
		"entity": {
		  "type": "minecraft:witch"
		}
	  }
	},
	"minecraft:wither_skeleton": {
	  "trigger": "minecraft:player_killed_entity",
	  "conditions": {
		"entity": {
		  "type": "minecraft:wither_skeleton"
		}
	  }
	},
	"minecraft:zombie": {
	  "trigger": "minecraft:player_killed_entity",
	  "conditions": {
		"entity": {
		  "type": "minecraft:zombie"
		}
	  }
	},
	"minecraft:zombie_villager": {
	  "trigger": "minecraft:player_killed_entity",
	  "conditions": {
		"entity": {
		  "type": "minecraft:zombie_villager"
		}
	  }
	},
	"minecraft:phantom": {
	  "trigger": "minecraft:player_killed_entity",
	  "conditions": {
		"entity": {
		  "type": "minecraft:phantom"
		}
	  }
	},
	"minecraft:drowned": {
	  "trigger": "minecraft:player_killed_entity",
	  "conditions": {
		"entity": {
		  "type": "minecraft:drowned"
		}
	  }
	},
	"minecraft:pillager": {
	  "trigger": "minecraft:player_killed_entity",
	  "conditions": {
		"entity": {
		  "type": "minecraft:pillager"
		}
	  }
	},
	"minecraft:ravager": {
	  "trigger": "minecraft:player_killed_entity",
	  "conditions": {
		"entity": {
		  "type": "minecraft:ravager"
		}
	  }
	},
	"minecraft:endermite": {
	  "trigger": "minecraft:player_killed_entity",
	  "conditions": {
		"entity": {
		  "type": "minecraft:endermite"
		}
	  }
	},
	"minecraft:vex": {
	  "trigger": "minecraft:player_killed_entity",
	  "conditions": {
		"entity": {
		  "type": "minecraft:vex"
		}
	  }
	},
	"minecraft:piglin": {
	  "trigger": "minecraft:player_killed_entity",
	  "conditions": {
		"entity": {
		  "type": "minecraft:piglin"
		}
	  }
	},
	"minecraft:hoglin": {
	  "trigger": "minecraft:player_killed_entity",
	  "conditions": {
		"entity": {
		  "type": "minecraft:hoglin"
		}
	  }
	},
	"minecraft:zoglin": {
	  "trigger": "minecraft:player_killed_entity",
	  "conditions": {
		"entity": {
		  "type": "minecraft:zoglin"
		}
	  }
	},
	"minecraft:elder_guardian": {
	  "trigger": "minecraft:player_killed_entity",
	  "conditions": {
		"entity": {
		  "type": "minecraft:elder_guardian"
		}
	  }
	},
	"minecraft:ender_dragon": {
	  "trigger": "minecraft:player_killed_entity",
	  "conditions": {
		"entity": {
		  "type": "minecraft:ender_dragon"
		}
	  }
	},
	"minecraft:wither": {
	  "trigger": "minecraft:player_killed_entity",
	  "conditions": {
		"entity": {
		  "type": "minecraft:wither"
		}
	  }
	},
	"minecraft:piglin_brute": {
	  "trigger": "minecraft:player_killed_entity",
	  "conditions": {
		"entity": {
		  "type": "minecraft:piglin_brute"
		}
	  }
	},
	"minecraft:warden": {
	  "trigger": "minecraft:player_killed_entity",
	  "conditions": {
		"entity": {
		  "type": "minecraft:warden"
		}
	  }
	}
  }
}