{
    "display": {
        "icon": {
            "item": "minecraft:leather_chestplate",
			"nbt": "{display:{color:16383998}}"
        },
        "title": {"translate":"Kung Fu Panda!"},
        "description": {"color":"green","translate":"Seja morto por um panda raivoso"},
        "announce_to_chat": true

    },
    "parent": "minecraft:combate/loser",
    "rewards": {
        "function": "bc_rewards:biomes/kung_fu_panda"
    },		
    "criteria": {
        "panda": {
            "trigger": "minecraft:entity_killed_player",
            "conditions": {
                "entity": {
                    "type": "panda"
                }
            }
        }
    }
}