{
	"display": {
		"icon": {
			"item": "minecraft:black_banner",
			"nbt": "{BlockEntityTag:{Patterns:[{Pattern:ls,Color:0},{Pattern:ts,Color:0},{Pattern:ms,Color:0},{Pattern:bo,Color:15}]}}"
		},
		"title": {"translate":"POV: Você é a TeKel"},
		"description": {"translate":"Morra duas vezes em menos de dez segundos"},
		"announce_to_chat": "true"

	},
	"parent": "minecraft:combate/kill_a_mob",
	"rewards": {
		"function": "bc_rewards:weaponry/loser"
	},		
	"criteria": {
		"trigger": {
			"trigger": "minecraft:impossible"
		}
	}
}