{
    "display": {
        "icon": {
            "item": "minecraft:shears"
        },
        "title": {"translate":"Mau usuário"},
        "description": {"translate":"Quebre toda ferramenta e arma do jogo"},
        "announce_to_chat": "true",
        "frame": "challenge"
    },
    "parent": "minecraft:combate/stabcraft",
    "rewards": {
		"function": "bc_rewards:mining/moar_broken_tools"
    },		
    "criteria": {
        "wooden_shovel": {
            "trigger": "minecraft:item_durability_changed",
            "conditions": {
				"item": {
					"items": [
						"minecraft:wooden_shovel"
					]
				},
				"durability": {
					"max": 0
				}
            }
        },
        "stone_shovel": {
            "trigger": "minecraft:item_durability_changed",
            "conditions": {
				"item": {
					"items": [
						"minecraft:stone_shovel"
					]
				},
				"durability": {
					"max": 0
				}
            }
        },
        "gold_shovel": {
            "trigger": "minecraft:item_durability_changed",
            "conditions": {
				"item": {
					"items": [
						"minecraft:golden_shovel"
					]
				},
				"durability": {
					"max": 0
				}
            }
        },
        "iron_shovel": {
            "trigger": "minecraft:item_durability_changed",
            "conditions": {
				"item": {
					"items": [
						"minecraft:iron_shovel"
					]
				},
				"durability": {
					"max": 0
				}
            }
        },
        "diamond_shovel": {
            "trigger": "minecraft:item_durability_changed",
            "conditions": {
				"item": {
					"items": [
						"minecraft:diamond_shovel"
					]
				},
				"durability": {
					"max": 0
				}
            }
        },
        "netherite_shovel": {
            "trigger": "minecraft:item_durability_changed",
            "conditions": {
				"item": {
					"items": [
						"minecraft:netherite_shovel"
					]
				},
				"durability": {
					"max": 0
				}
            }
        },
        "wooden_pickaxe": {
            "trigger": "minecraft:item_durability_changed",
            "conditions": {
				"item": {
					"items": [
						"minecraft:wooden_pickaxe"
					]
				},
				"durability": {
					"max": 0
				}
            }
        },
        "stone_pickaxe": {
            "trigger": "minecraft:item_durability_changed",
            "conditions": {
				"item": {
					"items": [
						"minecraft:stone_pickaxe"
					]
				},
				"durability": {
					"max": 0
				}
            }
        },
        "gold_pickaxe": {
            "trigger": "minecraft:item_durability_changed",
            "conditions": {
				"item": {
					"items": [
						"minecraft:golden_pickaxe"
					]
				},
				"durability": {
					"max": 0
				}
            }
        },
        "iron_pickaxe": {
            "trigger": "minecraft:item_durability_changed",
            "conditions": {
				"item": {
					"items": [
						"minecraft:iron_pickaxe"
					]
				},
				"durability": {
					"max": 0
				}
            }
        },
        "diamond_pickaxe": {
            "trigger": "minecraft:item_durability_changed",
            "conditions": {
				"item": {
					"items": [
						"minecraft:diamond_pickaxe"
					]
				},
				"durability": {
					"max": 0
				}
            }
        },
        "netherite_pickaxe": {
            "trigger": "minecraft:item_durability_changed",
            "conditions": {
				"item": {
					"items": [
						"minecraft:netherite_pickaxe"
					]
				},
				"durability": {
					"max": 0
				}
            }
        },
        "wooden_axe": {
            "trigger": "minecraft:item_durability_changed",
            "conditions": {
				"item": {
					"items": [
						"minecraft:wooden_axe"
					]
				},
				"durability": {
					"max": 0
				}
            }
        },
        "stone_axe": {
            "trigger": "minecraft:item_durability_changed",
            "conditions": {
				"item": {
					"items": [
						"minecraft:stone_axe"
					]
				},
				"durability": {
					"max": 0
				}
            }
        },
        "gold_axe": {
            "trigger": "minecraft:item_durability_changed",
            "conditions": {
				"item": {
					"items": [
						"minecraft:golden_axe"
					]
				},
				"durability": {
					"max": 0
				}
            }
        },
        "iron_axe": {
            "trigger": "minecraft:item_durability_changed",
            "conditions": {
				"item": {
					"items": [
						"minecraft:iron_axe"
					]
				},
				"durability": {
					"max": 0
				}
            }
        },
        "diamond_axe": {
            "trigger": "minecraft:item_durability_changed",
            "conditions": {
				"item": {
					"items": [
						"minecraft:diamond_axe"
					]
				},
				"durability": {
					"max": 0
				}
            }
        },
        "netherite_axe": {
            "trigger": "minecraft:item_durability_changed",
            "conditions": {
				"item": {
					"items": [
						"minecraft:netherite_axe"
					]
				},
				"durability": {
					"max": 0
				}
            }
        },
        "wooden_hoe": {
            "trigger": "minecraft:item_durability_changed",
            "conditions": {
				"item": {
					"items": [
						"minecraft:wooden_hoe"
					]
				},
				"durability": {
					"max": 0
				}
            }
        },
        "stone_hoe": {
            "trigger": "minecraft:item_durability_changed",
            "conditions": {
				"item": {
					"items": [
						"minecraft:stone_hoe"
					]
				},
				"durability": {
					"max": 0
				}
            }
        },
        "gold_hoe": {
            "trigger": "minecraft:item_durability_changed",
            "conditions": {
				"item": {
					"items": [
						"minecraft:golden_hoe"
					]
				},
				"durability": {
					"max": 0
				}
            }
        },
        "iron_hoe": {
            "trigger": "minecraft:item_durability_changed",
            "conditions": {
				"item": {
					"items": [
						"minecraft:iron_hoe"
					]
				},
				"durability": {
					"max": 0
				}
            }
        },
        "diamond_hoe": {
            "trigger": "minecraft:item_durability_changed",
            "conditions": {
				"item": {
					"items": [
						"minecraft:diamond_hoe"
					]
				},
				"durability": {
					"max": 0
				}
            }
        },
        "netherite_hoe": {
            "trigger": "minecraft:item_durability_changed",
            "conditions": {
				"item": {
					"items": [
						"minecraft:netherite_hoe"
					]
				},
				"durability": {
					"max": 0
				}
            }
        },
        "wooden_sword": {
            "trigger": "minecraft:item_durability_changed",
            "conditions": {
				"item": {
					"items": [
						"minecraft:wooden_sword"
					]
				},
				"durability": {
					"max": 0
				}
            }
        },
        "stone_sword": {
            "trigger": "minecraft:item_durability_changed",
            "conditions": {
				"item": {
					"items": [
						"minecraft:stone_sword"
					]
				},
				"durability": {
					"max": 0
				}
            }
        },
        "gold_sword": {
            "trigger": "minecraft:item_durability_changed",
            "conditions": {
				"item": {
					"items": [
						"minecraft:golden_sword"
					]
				},
				"durability": {
					"max": 0
				}
            }
        },
        "iron_sword": {
            "trigger": "minecraft:item_durability_changed",
            "conditions": {
				"item": {
					"items": [
						"minecraft:iron_sword"
					]
				},
				"durability": {
					"max": 0
				}
            }
        },
        "diamond_sword": {
            "trigger": "minecraft:item_durability_changed",
            "conditions": {
				"item": {
					"items": [
						"minecraft:diamond_sword"
					]
				},
				"durability": {
					"max": 0
				}
            }
        },
        "netherite_sword": {
            "trigger": "minecraft:item_durability_changed",
            "conditions": {
				"item": {
					"items": [
						"minecraft:netherite_sword"
					]
				},
				"durability": {
					"max": 0
				}
            }
        },
        "fishing_rod": {
            "trigger": "minecraft:item_durability_changed",
            "conditions": {
				"item": {
					"items": [
						"minecraft:fishing_rod"
					]
				},
				"durability": {
					"max": 0
				}
            }
        },
        "bow": {
            "trigger": "minecraft:item_durability_changed",
            "conditions": {
				"item": {
					"items": [
						"minecraft:bow"
					]
				},
				"durability": {
					"max": 0
				}
            }
        },
        "shield": {
            "trigger": "minecraft:item_durability_changed",
            "conditions": {
				"item": {
					"items": [
						"minecraft:shield"
					]
				},
				"durability": {
					"max": 0
				}
            }
        },
        "trident": {
            "trigger": "minecraft:item_durability_changed",
            "conditions": {
				"item": {
					"items": [
						"minecraft:trident"
					]
				},
				"durability": {
					"max": 0
				}
            }
        },
        "crossbow": {
            "trigger": "minecraft:item_durability_changed",
            "conditions": {
				"item": {
					"items": [
						"minecraft:crossbow"
					]
				},
				"durability": {
					"max": 0
				}
            }
        },
        "carrot_on_a_stick": {
            "trigger": "minecraft:item_durability_changed",
            "conditions": {
				"item": {
					"items": [
						"minecraft:carrot_on_a_stick"
					]
				},
				"durability": {
					"max": 0
				}
            }
        },
        "shears": {
            "trigger": "minecraft:item_durability_changed",
            "conditions": {
				"item": {
					"items": [
						"minecraft:shears"
					]
				},
				"durability": {
					"max": 0
				}
            }
        },
        "flint_and_steel": {
            "trigger": "minecraft:item_durability_changed",
            "conditions": {
				"item": {
					"items": [
						"minecraft:flint_and_steel"
					]
				},
				"durability": {
					"max": 0
				}
            }
        },
        "warped_fungus_on_a_stick": {
            "trigger": "minecraft:item_durability_changed",
            "conditions": {
				"item": {
					"items": [
						"minecraft:warped_fungus_on_a_stick"
					]
				},
				"durability": {
					"max": 0
				}
            }
        }
    }
}