{
	"display": {
		"icon": {
			"item": "minecraft:iron_chestplate"
		},
		"title": {"translate":"Quem com ferro fere..."},
		"description": {"color":"#49DB49","translate":"Proteja-se com um pedaço de armadura de ferro"},
		"announce_to_chat": "true"
	},
	"parent": "minecraft:combate/root",
	"rewards": {
		"function": "bc_rewards:mining/suit_up"
	},
	"criteria": {
		"iron_helmet": {
			"trigger": "minecraft:inventory_changed",
			"conditions": {
				"player": [
					{
						"condition": "minecraft:entity_properties",
						"entity": "this",
						"predicate": {
							"equipment": {
								"head": {
									"items": [ 
										"minecraft:iron_helmet"
									]
								}
							}
						}
					}
				]
			}
		},
		"iron_chestplate": {
			"trigger": "minecraft:inventory_changed",
			"conditions": {
				"player": [
					{
						"condition": "minecraft:entity_properties",
						"entity": "this",
						"predicate": {
							"equipment": {
								"chest": {
									"items": [ 
										"minecraft:iron_chestplate"
									]
								}
							}
						}
					}
				]
			}
		},
		"iron_leggings": {
			"trigger": "minecraft:inventory_changed",
			"conditions": {
				"player": [
					{
						"condition": "minecraft:entity_properties",
						"entity": "this",
						"predicate": {
							"equipment": {
								"legs": {
									"items": [ 
										"minecraft:iron_leggings"
									]
								}
							}
						}
					}
				]
			}
		},
		"iron_boots": {
			"trigger": "minecraft:inventory_changed",
			"conditions": {
				"player": [
					{
						"condition": "minecraft:entity_properties",
						"entity": "this",
						"predicate": {
							"equipment": {
								"feet": {
									"items": [ 
										"minecraft:iron_boots"
									]
								}
							}
						}
					}
				]
			}
		}
	},
	"requirements": [
		[
			"iron_helmet",
			"iron_chestplate",
			"iron_leggings",
			"iron_boots"
		]
	]
}
