{
	"display": {
		"icon": {
			"item": "minecraft:firework_star",
			"nbt": "{Explosion:{Type:0b,Colors:[I; 4312372]}}"
		},
		"title": {"translate":"Pirotecnia"},
		"description": {"color":"dark_purple","translate":"Faça um foguete de todos os formatos e efeitos adicionais"},
		"announce_to_chat": "true",
		"frame": "goal"
	},
	"parent": "minecraft:combate/who_ya_gonna_call",
	"rewards": {
		"function": "bc_rewards:weaponry/pyrotechnic"
	},		
	"criteria": {
		"small_ball": {
			"trigger": "minecraft:inventory_changed",
			"conditions": {
				"items": [
					{
						"items": [
							"minecraft:firework_rocket"
						],
						"nbt": "{Fireworks:{Explosions:[{Type:0b}]}}"
					}
				]
			}
		},
		"large_ball": {
			"trigger": "minecraft:inventory_changed",
			"conditions": {
				"items": [
					{
						"items": [
							"minecraft:firework_rocket"
						],
						"nbt": "{Fireworks:{Explosions:[{Type:1b}]}}"
					}
				]
			}
		},
		"star": {
			"trigger": "minecraft:inventory_changed",
			"conditions": {
				"items": [
					{
						"items": [
							"minecraft:firework_rocket"
						],
						"nbt": "{Fireworks:{Explosions:[{Type:2b}]}}"
					}
				]
			}
		},
		"creeper": {
			"trigger": "minecraft:inventory_changed",
			"conditions": {
				"items": [
					{
						"items": [
							"minecraft:firework_rocket"
						],
						"nbt": "{Fireworks:{Explosions:[{Type:3b}]}}"
					}
				]
			}
		},
		"burst": {
			"trigger": "minecraft:inventory_changed",
			"conditions": {
				"items": [
					{
						"items": [
							"minecraft:firework_rocket"
						],
						"nbt": "{Fireworks:{Explosions:[{Type:4b}]}}"
					}
				]
			}
		},
		"flicker": {
			"trigger": "minecraft:inventory_changed",
			"conditions": {
				"items": [
					{
						"items": [
							"minecraft:firework_rocket"
						],
						"nbt": "{Fireworks:{Explosions:[{Flicker:1b}]}}"
					}
				]
			}
		},
		"trail": {
			"trigger": "minecraft:inventory_changed",
			"conditions": {
				"items": [
					{
						"items": [
							"minecraft:firework_rocket"
						],
						"nbt": "{Fireworks:{Explosions:[{Trail:1b}]}}"
					}
				]
			}
		}
	}
}