{
	"display": {
		"icon": {
			"item": "minecraft:diamond_chestplate"
		},
		"title": {"translate":"Cubra-me de diamantes"},
		"description": {"color":"#49DB49","translate":"Armaduras de Diamantes salvam vidas"},
		"announce_to_chat": "true"
	},
	"parent": "minecraft:combate/obtain_armor",
	"rewards": {
		"function": "bc_rewards:mining/cover_me_with_diamonds"
	},			
	"criteria": {
		"diamond_helmet": {
			"trigger": "minecraft:location",
			"conditions": {
				"player": [
					{
						"condition": "minecraft:entity_properties",
						"entity": "this",
						"predicate": {
							"equipment": {
								"head": {
									"items": [ 
										"minecraft:diamond_helmet"
									]
								}
							}
						}
					}
				]
			}
		},
		"diamond_chestplate": {
			"trigger": "minecraft:location",
			"conditions": {
				"player": [
					{
						"condition": "minecraft:entity_properties",
						"entity": "this",
						"predicate": {
							"equipment": {
								"chest": {
									"items": [ 
										"minecraft:diamond_chestplate"
									]
								}
							}
						}
					}
				]
			}
		},
		"diamond_leggings": {
			"trigger": "minecraft:location",
			"conditions": {
				"player": [
					{
						"condition": "minecraft:entity_properties",
						"entity": "this",
						"predicate": {
							"equipment": {
								"legs": {
									"items": [ 
										"minecraft:diamond_leggings"
									]
								}
							}
						}
					}
				]
			}
		},
		"diamond_boots": {
			"trigger": "minecraft:location",
			"conditions": {
				"player": [
					{
						"condition": "minecraft:entity_properties",
						"entity": "this",
						"predicate": {
							"equipment": {
								"feet": {
									"items": [ 
										"minecraft:diamond_boots"
									]
								}
							}
						}
					}
				]
			}
		}
	},
	"requirements": [
		[
			"diamond_helmet",
			"diamond_chestplate",
			"diamond_leggings",
			"diamond_boots"
		]
	]
}
