{
	"display": {
		"icon": {
			"item": "minecraft:bow"
		},
		"title": {"translate":"Boa mira"},
		"description": {"translate":"Acerte algo com uma flecha"},
		"announce_to_chat": "true"
	},
	"parent": "minecraft:combate/deflect_arrow",
	"rewards": {
		"function": "bc_rewards:weaponry/take_aim"
	},		
	"criteria": {
		"shot_arrow": {
			"trigger": "minecraft:player_hurt_entity",
			"conditions": {
				"damage": {
					"type": {
						"tags": [
							{
								"id": "minecraft:is_projectile",
								"expected": true
							}
						],
						"direct_entity": {
							"type": "minecraft:arrow"
						}
					}
				}
			}
		},
		"shot_spectral_arrow": {
			"trigger": "minecraft:player_hurt_entity",
			"conditions": {
				"damage": {
					"type": {
						"tags": [
							{
								"id": "minecraft:is_projectile",
								"expected": true
							}
						],
						"direct_entity": {
							"type": "minecraft:spectral_arrow"
						}
					}
				}
			}
		}
	},
	"requirements": [
		[
			"shot_arrow",
			"shot_spectral_arrow"
		]
	]
}