{
    "display": {
        "icon": {
            "item": "minecraft:zombie_head"
        },
        "title": {"translate":"Talking Ben!"},
        "description": {"color":"dark_purple","translate":"Exploda um zumbi com um creeper carregado para conseguir uma cabeça"},
        "announce_to_chat": "true",
		"frame": "challenge"
    },
    "parent": "minecraft:combate/creepy_heads",
    "rewards": {
        "function": "bc_rewards:monsters/still_talking"
    },		
    "criteria": {
        "zombie_head": {
            "trigger": "minecraft:inventory_changed",
            "conditions": {
                "items": [
                    {
						"items": [
							"minecraft:zombie_head"
						]
                    }
                ]
            }
        }
    }
}