{
	"display": {
		"icon": {
			"item": "minecraft:crossbow"
		},
		"title": {"translate":"Dois coelhos com uma flechada só"},
		"description": {"color":"dark_purple","translate":"Mate dois phantoms com uma flecha perfurante"},
		"announce_to_chat": "true",
		"frame": "challenge"
	},
	"parent": "minecraft:combate/ol_betsy",
	"rewards": {
		"function": "bc_rewards:monsters/two_birds_one_arrow"
	},
	"criteria": {
		"two_birds": {
			"trigger": "minecraft:killed_by_crossbow",
			"conditions": {
				"victims": [
					{
						"type": "minecraft:phantom"
					},
					{
						"type": "minecraft:phantom"
					}
				]
			}
		}
	}
}
