{
	"display": {
		"icon": {
			"item": "minecraft:dragon_breath"
		},
		"title": {"translate":"Choque do trovão"},
		"description": {"translate":"Acerte um aldeão com um raio"},
		"announce_to_chat": "true"
	},
	"parent": "minecraft:combate/throw_trident",
	"rewards": {
		"function": "bc_rewards:enchanting/very_very_frightening"
	},
	"criteria": {
		"struck_villager": {
			"trigger": "minecraft:channeled_lightning",
			"conditions": {
				"victims": [
						{
					"type": "minecraft:villager"
					}
				]
			}
		}
	}
}
