{
	"display": {
		"icon": {
			"item": "minecraft:ghast_tear"
		},
		"title": {"translate":"O feitiço se voltou contra o feiticeiro"},
		"description": {"color":"green","translate":"Mate um Ghast usando um foguete"},
		"announce_to_chat": "true",
		"frame": "goal"
	},
	"parent": "minecraft:combate/ol_betsy",
	"rewards": {
		"function": "bc_rewards:weaponry/who_ya_gonna_call"
	},		
	"criteria": {
		"ghast": {
			"trigger": "minecraft:player_killed_entity",
			"conditions": {
				"entity": {
					"type": "ghast"
				},
				"killing_blow": {
					"direct_entity": {
						"type": "minecraft:firework_rocket"
					}
				}
			}
		}
	}
}