{
    "display": {
        "icon": {
			"id": "minecraft:oak_fence",
			"components": {
				"minecraft:enchantment_glint_override": true
			}
		},
        "title": {"translate":"Ginsu de Madeira"},
        "description": {"color":"dark_purple","translate":"Encante uma espada de madeira com Afiação V. Não é a melhor arma, mas dá pra encher o saco de alguém."},
        "announce_to_chat": true,
		"frame": "challenge"
    },
    "parent": "minecraft:magia/enchant_item",
    "rewards": {
		"function": "minecraft:function/magia/a_rather_pointy_fence_post"
    },		
    "criteria": {
		"rather_pointy_fence_post": {
			"trigger": "minecraft:inventory_changed",
			"conditions": {
				"items": [
					{
						"items": [
							"minecraft:wooden_sword"
						],
						"predicates": {
							"enchantments": [
								{
									"enchantment": "minecraft:sharpness",
									"levels": {
										"min": 5
									}
								}	
							]
						}
					}
				]
			}
		}
	}
}