{
	"display": {
		"icon": {
			"id": "minecraft:enchanted_book"
		},
		"title": {"translate":"Aprendiz de feiticeiro"},
		"description": {"color":"#49DB49","translate":"Encante um item em uma mesa de encantamentos"},
		"announce_to_chat": true
	},
	"parent": "minecraft:magia/root",
	"rewards": {
		"function": "minecraft:function/magia/enchanter"
	},		
	"criteria": {
		"enchanted_item": {
		  "trigger": "minecraft:enchanted_item"
		}
	},
	"requirements": [
	  [
		"enchanted_item"
	  ]
	]
 }