{
    "display": {
        "icon": {
			"id": "minecraft:potion",
			"components": {
				"minecraft:potion_contents": {
					"potion": "minecraft:thick"
				}
			}
		},
        "title": {"translate":"Então essa é a Água 2?"},
        "description": {"color":"green","translate":"Fermente uma poção mundana e uma grossa"},
        "announce_to_chat": true
    },
    "parent": "minecraft:magia/potions",
	"rewards": {
		"function": "minecraft:function/magia/failed_concoctions"
    },	
    "criteria": {
        "thick_potion": {
            "trigger": "minecraft:brewed_potion",
            "conditions": {
                "potion": "minecraft:thick"
            }
        },
        "mundane_potion": {
            "trigger": "minecraft:brewed_potion",
            "conditions": {
                "potion": "minecraft:mundane"
            }
        }
    }
}