{
    "display": {
        "icon": {
			"id": "minecraft:tipped_arrow",
			"components": {
				"minecraft:potion_contents": {
					"potion": "minecraft:regeneration"
				}
			}
		},
        "title": {"translate":"Munição Furiosa"},
        "description": {"color":"dark_purple","translate":"Construa todo tipo de flecha com efeito"},
        "announce_to_chat": true,
		"frame": "challenge"
    },
    "parent": "minecraft:magia/failed_concoctions",
	"rewards": {
		"function": "minecraft:function/magia/furious_ammunition"
    },	
	"criteria": {
		"water": {
			"trigger": "minecraft:inventory_changed",
			"conditions": {
				"items": [
					{
						"items": [
							"minecraft:tipped_arrow"
						],
						"predicates": {
							"potion_contents": "minecraft:water"
						}
					}
				]
			}
		},
		"thick": {
			"trigger": "minecraft:inventory_changed",
			"conditions": {
				"items": [
					{
						"items": [
							"minecraft:tipped_arrow"
						],
						"predicates": {
							"potion_contents": "minecraft:thick"
						}
					}
				]
			}
		},
		"mundane": {
			"trigger": "minecraft:inventory_changed",
			"conditions": {
				"items": [
					{
						"items": [
							"minecraft:tipped_arrow"
						],
						"predicates": {
							"potion_contents": "minecraft:mundane"
						}
					}
				]
			}
		},
		"awkward": {
			"trigger": "minecraft:inventory_changed",
			"conditions": {
				"items": [
					{
						"items": [
							"minecraft:tipped_arrow"
						],
						"predicates": {
							"potion_contents": "minecraft:awkward"
						}
					}
				]
			}
		},		
		"night_vision": {
			"trigger": "minecraft:inventory_changed",
			"conditions": {
				"items": [
					{
						"items": [
							"minecraft:tipped_arrow"
						],
						"predicates": {
							"potion_contents": "minecraft:night_vision"
						}
					}
				]
			}
		},
		"long_night_vision": {
			"trigger": "minecraft:inventory_changed",
			"conditions": {
				"items": [
					{
						"items": [
							"minecraft:tipped_arrow"
						],
						"predicates": {
							"potion_contents": "minecraft:long_night_vision"
						}
					}
				]
			}
		},	
		"invisibility": {
			"trigger": "minecraft:inventory_changed",
			"conditions": {
				"items": [
					{
						"items": [
							"minecraft:tipped_arrow"
						],
						"predicates": {
							"potion_contents": "minecraft:invisibility"
						}
					}
				]
			}
		},
		"long_invisibility": {
			"trigger": "minecraft:inventory_changed",
			"conditions": {
				"items": [
					{
						"items": [
							"minecraft:tipped_arrow"
						],
						"predicates": {
							"potion_contents": "minecraft:long_invisibility"
						}
					}
				]
			}
		},	
		"leaping": {
			"trigger": "minecraft:inventory_changed",
			"conditions": {
				"items": [
					{
						"items": [
							"minecraft:tipped_arrow"
						],
						"predicates": {
							"potion_contents": "minecraft:leaping"
						}
					}
				]
			}
		},		
		"long_leaping": {
			"trigger": "minecraft:inventory_changed",
			"conditions": {
				"items": [
					{
						"items": [
							"minecraft:tipped_arrow"
						],
						"predicates": {
							"potion_contents": "minecraft:long_leaping"
						}
					}
				]
			}
		},
		"strong_leaping": {
			"trigger": "minecraft:inventory_changed",
			"conditions": {
				"items": [
					{
						"items": [
							"minecraft:tipped_arrow"
						],
						"predicates": {
							"potion_contents": "minecraft:strong_leaping"
						}
					}
				]
			}
		},
		"fire_resistance": {
			"trigger": "minecraft:inventory_changed",
			"conditions": {
				"items": [
					{
						"items": [
							"minecraft:tipped_arrow"
						],
						"predicates": {
							"potion_contents": "minecraft:fire_resistance"
						}
					}
				]
			}
		},		
		"long_fire_resistance": {
			"trigger": "minecraft:inventory_changed",
			"conditions": {
				"items": [
					{
						"items": [
							"minecraft:tipped_arrow"
						],
						"predicates": {
							"potion_contents": "minecraft:long_fire_resistance"
						}
					}
				]
			}
		},	
		"swiftness": {
			"trigger": "minecraft:inventory_changed",
			"conditions": {
				"items": [
					{
						"items": [
							"minecraft:tipped_arrow"
						],
						"predicates": {
							"potion_contents": "minecraft:swiftness"
						}
					}
				]
			}
		},		
		"long_swiftness": {
			"trigger": "minecraft:inventory_changed",
			"conditions": {
				"items": [
					{
						"items": [
							"minecraft:tipped_arrow"
						],
						"predicates": {
							"potion_contents": "minecraft:long_swiftness"
						}
					}
				]
			}
		},
		"strong_swiftness": {
			"trigger": "minecraft:inventory_changed",
			"conditions": {
				"items": [
					{
						"items": [
							"minecraft:tipped_arrow"
						],
						"predicates": {
							"potion_contents": "minecraft:strong_swiftness"
						}
					}
				]
			}
		},		
		"slowness": {
			"trigger": "minecraft:inventory_changed",
			"conditions": {
				"items": [
					{
						"items": [
							"minecraft:tipped_arrow"
						],
						"predicates": {
							"potion_contents": "minecraft:slowness"
						}
					}
				]
			}
		},		
		"long_slowness": {
			"trigger": "minecraft:inventory_changed",
			"conditions": {
				"items": [
					{
						"items": [
							"minecraft:tipped_arrow"
						],
						"predicates": {
							"potion_contents": "minecraft:long_slowness"
						}
					}
				]
			}
		},
		"strong_slowness": {
			"trigger": "minecraft:inventory_changed",
			"conditions": {
				"items": [
					{
						"items": [
							"minecraft:tipped_arrow"
						],
						"predicates": {
							"potion_contents": "minecraft:strong_slowness"
						}
					}
				]
			}
		},
		"water_breathing": {
			"trigger": "minecraft:inventory_changed",
			"conditions": {
				"items": [
					{
						"items": [
							"minecraft:tipped_arrow"
						],
						"predicates": {
							"potion_contents": "minecraft:water_breathing"
						}
					}
				]
			}
		},		
		"long_water_breathing": {
			"trigger": "minecraft:inventory_changed",
			"conditions": {
				"items": [
					{
						"items": [
							"minecraft:tipped_arrow"
						],
						"predicates": {
							"potion_contents": "minecraft:long_water_breathing"
						}
					}
				]
			}
		},		
		"healing": {
			"trigger": "minecraft:inventory_changed",
			"conditions": {
				"items": [
					{
						"items": [
							"minecraft:tipped_arrow"
						],
						"predicates": {
							"potion_contents": "minecraft:healing"
						}
					}
				]
			}
		},		
		"strong_healing": {
			"trigger": "minecraft:inventory_changed",
			"conditions": {
				"items": [
					{
						"items": [
							"minecraft:tipped_arrow"
						],
						"predicates": {
							"potion_contents": "minecraft:strong_healing"
						}
					}
				]
			}
		},		
		"harming": {
			"trigger": "minecraft:inventory_changed",
			"conditions": {
				"items": [
					{
						"items": [
							"minecraft:tipped_arrow"
						],
						"predicates": {
							"potion_contents": "minecraft:harming"
						}
					}
				]
			}
		},		
		"strong_harming": {
			"trigger": "minecraft:inventory_changed",
			"conditions": {
				"items": [
					{
						"items": [
							"minecraft:tipped_arrow"
						],
						"predicates": {
							"potion_contents": "minecraft:strong_harming"
						}
					}
				]
			}
		},		
		"normal_poison": {
			"trigger": "minecraft:inventory_changed",
			"conditions": {
				"items": [
					{
						"items": [
							"minecraft:tipped_arrow"
						],
						"predicates": {
							"potion_contents": "minecraft:poison"
						}
					}
				]
			}
		},		
		"long_poison": {
			"trigger": "minecraft:inventory_changed",
			"conditions": {
				"items": [
					{
						"items": [
							"minecraft:tipped_arrow"
						],
						"predicates": {
							"potion_contents": "minecraft:long_poison"
						}
					}
				]
			}
		},
		"strong_poison": {
			"trigger": "minecraft:inventory_changed",
			"conditions": {
				"items": [
					{
						"items": [
							"minecraft:tipped_arrow"
						],
						"predicates": {
							"potion_contents": "minecraft:strong_poison"
						}
					}
				]
			}
		},
		"regeneration": {
			"trigger": "minecraft:inventory_changed",
			"conditions": {
				"items": [
					{
						"items": [
							"minecraft:tipped_arrow"
						],
						"predicates": {
							"potion_contents": "minecraft:regeneration"
						}
					}
				]
			}
		},		
		"long_regeneration": {
			"trigger": "minecraft:inventory_changed",
			"conditions": {
				"items": [
					{
						"items": [
							"minecraft:tipped_arrow"
						],
						"predicates": {
							"potion_contents": "minecraft:long_regeneration"
						}
					}
				]
			}
		},
		"strong_regeneration": {
			"trigger": "minecraft:inventory_changed",
			"conditions": {
				"items": [
					{
						"items": [
							"minecraft:tipped_arrow"
						],
						"predicates": {
							"potion_contents": "minecraft:strong_regeneration"
						}
					}
				]
			}
		},	
		"strength": {
			"trigger": "minecraft:inventory_changed",
			"conditions": {
				"items": [
					{
						"items": [
							"minecraft:tipped_arrow"
						],
						"predicates": {
							"potion_contents": "minecraft:strength"
						}
					}
				]
			}
		},		
		"long_strength": {
			"trigger": "minecraft:inventory_changed",
			"conditions": {
				"items": [
					{
						"items": [
							"minecraft:tipped_arrow"
						],
						"predicates": {
							"potion_contents": "minecraft:long_strength"
						}
					}
				]
			}
		},
		"strong_strength": {
			"trigger": "minecraft:inventory_changed",
			"conditions": {
				"items": [
					{
						"items": [
							"minecraft:tipped_arrow"
						],
						"predicates": {
							"potion_contents": "minecraft:strong_strength"
						}
					}
				]
			}
		},	
		"weakness": {
			"trigger": "minecraft:inventory_changed",
			"conditions": {
				"items": [
					{
						"items": [
							"minecraft:tipped_arrow"
						],
						"predicates": {
							"potion_contents": "minecraft:weakness"
						}
					}
				]
			}
		},		
		"long_weakness": {
			"trigger": "minecraft:inventory_changed",
			"conditions": {
				"items": [
					{
						"items": [
							"minecraft:tipped_arrow"
						],
						"predicates": {
							"potion_contents": "minecraft:long_weakness"
						}
					}
				]
			}
		},	
		"turtle_master": {
			"trigger": "minecraft:inventory_changed",
			"conditions": {
				"items": [
					{
						"items": [
							"minecraft:tipped_arrow"
						],
						"predicates": {
							"potion_contents": "minecraft:turtle_master"
						}
					}
				]
			}
		},		
		"long_turtle_master": {
			"trigger": "minecraft:inventory_changed",
			"conditions": {
				"items": [
					{
						"items": [
							"minecraft:tipped_arrow"
						],
						"predicates": {
							"potion_contents": "minecraft:long_turtle_master"
						}
					}
				]
			}
		},
		"strong_turtle_master": {
			"trigger": "minecraft:inventory_changed",
			"conditions": {
				"items": [
					{
						"items": [
							"minecraft:tipped_arrow"
						],
						"predicates": {
							"potion_contents": "minecraft:strong_turtle_master"
						}
					}
				]
			}
		},		
		"slow_falling": {
			"trigger": "minecraft:inventory_changed",
			"conditions": {
				"items": [
					{
						"items": [
							"minecraft:tipped_arrow"
						],
						"predicates": {
							"potion_contents": "minecraft:slow_falling"
						}
					}
				]
			}
		},		
		"long_slow_falling": {
			"trigger": "minecraft:inventory_changed",
			"conditions": {
				"items": [
					{
						"items": [
							"minecraft:tipped_arrow"
						],
						"predicates": {
							"potion_contents": "minecraft:long_slow_falling"
						}
					}
				]
			}
		}	
	}
}