{
    "display": {
        "icon": {
			"id": "minecraft:trident",
			"components": {
				"minecraft:enchantment_glint_override": true
			}
		},
        "title": {"translate":"Espeto de churrasco"},
        "description": {"translate":"Crie um tridente com todos os encantamentos no nível máximo"},
        "announce_to_chat": true,
		"frame": "challenge"
    },
    "parent": "minecraft:magia/master_arbalist",
    "rewards": {
		"function": "minecraft:function/magia/master_tridenteer"
    },		
    "criteria": {
		"perfect_trident_loyalty": {
			"trigger": "minecraft:inventory_changed",
			"conditions": {
				"items": [
					{
						"items": [
							"minecraft:trident"
						],
						"predicates": {
							"enchantments": [
								{
									"enchantment": "minecraft:impaling",
									"levels": {
										"min": 5
									}
								},
								{
									"enchantment": "minecraft:loyalty",
									"levels": {
										"min": 3
									}
								},
								{
									"enchantment": "minecraft:channeling",
									"levels": {
										"min": 1
									}
								},
								{
									"enchantment": "minecraft:mending",
									"levels": {
										"min": 1
									}
								},
								{
									"enchantment": "minecraft:unbreaking",
									"levels": {
										"min": 3
									}
								}	
							]
						}
					}
				]
			}
		},
		"perfect_trident_riptide": {
			"trigger": "minecraft:inventory_changed",
			"conditions": {
				"items": [
					{
						"items": [
							"minecraft:trident"
						],
						"predicates": {
							"enchantments": [
								{
									"enchantment": "minecraft:impaling",
									"levels": {
										"min": 5
									}
								},
								{
									"enchantment": "minecraft:riptide",
									"levels": {
										"min": 3
									}
								},
								{
									"enchantment": "minecraft:mending",
									"levels": {
										"min": 1
									}
								},
								{
									"enchantment": "minecraft:unbreaking",
									"levels": {
										"min": 3
									}
								}	
							]
						}
					}
				]
			}
		}
	},
	"requirements": [
		[
			"perfect_trident_loyalty",
			"perfect_trident_riptide"
		]
	]
}