{
    "display": {
        "icon": {
			"id": "minecraft:diamond_axe",
			"components": {
				"minecraft:enchantment_glint_override": true
			}
		},
        "title": {"translate":"''Epic Axe Crits''"},
        "description": {"color":"dark_purple","translate":"Crie um machado com todos os encantamentos no nível máximo"},
        "announce_to_chat": true,
		"frame": "challenge"
    },
    "parent": "minecraft:magia/master_knight",
    "rewards": {
		"function": "minecraft:function/magia/master_axeman"
    },		
    "criteria": {
		"perfect_axe_fortune": {
			"trigger": "minecraft:inventory_changed",
			"conditions": {
				"items": [
					{
						"items": "#minecraft:master_axes",
						"predicates": {
							"enchantments": [
								{
									"enchantment": "minecraft:sharpness",
									"levels": {
										"min": 5
									}
								},
								{
									"enchantment": "minecraft:efficiency",
									"levels": {
										"min": 5
									}
								},
								{
									"enchantment": "minecraft:fortune",
									"levels": {
										"min": 3
									}
								},
								{
									"enchantment": "minecraft:unbreaking",
									"levels": {
										"min": 3
									}
								},
								{
									"enchantment": "minecraft:mending",
									"levels": {
										"min": 1
									}
								}	
							]
						}
					}
				]
			}
		},
		"perfect_axe_silk_touch": {
			"trigger": "minecraft:inventory_changed",
			"conditions": {
				"items": [
					{
						"items": "#minecraft:master_axes",
						"predicates": {
							"enchantments": [
								{
									"enchantment": "minecraft:sharpness",
									"levels": {
										"min": 5
									}
								},
								{
									"enchantment": "minecraft:efficiency",
									"levels": {
										"min": 5
									}
								},
								{
									"enchantment": "minecraft:silk_touch",
									"levels": {
										"min": 1
									}
								},
								{
									"enchantment": "minecraft:unbreaking",
									"levels": {
										"min": 3
									}
								},
								{
									"enchantment": "minecraft:mending",
									"levels": {
										"min": 1
									}
								}	
							]
						}
					}
				]
			}
		},
		"perfect_axe_fortune_smite": {
			"trigger": "minecraft:inventory_changed",
			"conditions": {
				"items": [
					{
						"items": "#minecraft:master_axes",
						"predicates": {
							"enchantments": [
								{
									"enchantment": "minecraft:smite",
									"levels": {
										"min": 5
									}
								},
								{
									"enchantment": "minecraft:efficiency",
									"levels": {
										"min": 5
									}
								},
								{
									"enchantment": "minecraft:fortune",
									"levels": {
										"min": 3
									}
								},
								{
									"enchantment": "minecraft:unbreaking",
									"levels": {
										"min": 3
									}
								},
								{
									"enchantment": "minecraft:mending",
									"levels": {
										"min": 1
									}
								}	
							]
						}
					}
				]
			}
		},
		"perfect_axe_silk_touch_smite": {
			"trigger": "minecraft:inventory_changed",
			"conditions": {
				"items": [
					{
						"items": "#minecraft:master_axes",
						"predicates": {
							"enchantments": [
								{
									"enchantment": "minecraft:smite",
									"levels": {
										"min": 5
									}
								},
								{
									"enchantment": "minecraft:efficiency",
									"levels": {
										"min": 5
									}
								},
								{
									"enchantment": "minecraft:silk_touch",
									"levels": {
										"min": 1
									}
								},
								{
									"enchantment": "minecraft:unbreaking",
									"levels": {
										"min": 3
									}
								},
								{
									"enchantment": "minecraft:mending",
									"levels": {
										"min": 1
									}
								}	
							]
						}
					}
				]
			}
		},
		"perfect_axe_fortune_bane": {
			"trigger": "minecraft:inventory_changed",
			"conditions": {
				"items": [
					{
						"items": "#minecraft:master_axes",
						"predicates": {
							"enchantments": [
								{
									"enchantment": "minecraft:bane_of_arthropods",
									"levels": {
										"min": 5
									}
								},
								{
									"enchantment": "minecraft:efficiency",
									"levels": {
										"min": 5
									}
								},
								{
									"enchantment": "minecraft:fortune",
									"levels": {
										"min": 3
									}
								},
								{
									"enchantment": "minecraft:unbreaking",
									"levels": {
										"min": 3
									}
								},
								{
									"enchantment": "minecraft:mending",
									"levels": {
										"min": 1
									}
								}	
							]
						}
					}
				]
			}
		},
		"perfect_axe_silk_touch_bane": {
			"trigger": "minecraft:inventory_changed",
			"conditions": {
				"items": [
					{
						"items": "#minecraft:master_axes",
						"predicates": {
							"enchantments": [
								{
									"enchantment": "minecraft:bane_of_arthropods",
									"levels": {
										"min": 5
									}
								},
								{
									"enchantment": "minecraft:efficiency",
									"levels": {
										"min": 5
									}
								},
								{
									"enchantment": "minecraft:silk_touch",
									"levels": {
										"min": 1
									}
								},
								{
									"enchantment": "minecraft:unbreaking",
									"levels": {
										"min": 3
									}
								},
								{
									"enchantment": "minecraft:mending",
									"levels": {
										"min": 1
									}
								}	
							]
						}
					}
				]
			}
		}
	},	
	"requirements": [
		[
			"perfect_axe_fortune",
			"perfect_axe_silk_touch",
			"perfect_axe_fortune_smite",
			"perfect_axe_silk_touch_smite",
			"perfect_axe_fortune_bane",
			"perfect_axe_silk_touch_bane"
		]
	]
}