{
    "display": {
        "icon": {
			"id": "minecraft:diamond_shovel",
			"components": {
				"minecraft:enchantment_glint_override": true
			}
		},
        "title": {"translate":"Minhoca lendária"},
        "description": {"color":"dark_purple","translate":"Crie uma pá com todos os encantamentos no nível máximo"},
        "announce_to_chat": true,
		"frame": "challenge"
    },
    "parent": "minecraft:magia/master_miner",
    "rewards": {
		"function": "minecraft:function/magia/master_digger"
    },		
    "criteria": {
		"perfect_shovel_fortune": {
			"trigger": "minecraft:inventory_changed",
			"conditions": {
				"items": [
					{
						"items": "#minecraft:master_shovels",
						"predicates": {
							"enchantments": [
								{
									"enchantment": "minecraft:efficiency",
									"levels": {
										"min": 5
									}
								},
								{
									"enchantment": "minecraft:fortune",
									"levels": {
										"min": 3
									}
								},
								{
									"enchantment": "minecraft:unbreaking",
									"levels": {
										"min": 3
									}
								},
								{
									"enchantment": "minecraft:mending",
									"levels": {
										"min": 1
									}
								}	
							]
						}
					}
				]
			}
		},
		"perfect_shovel_silk_touch": {
			"trigger": "minecraft:inventory_changed",
			"conditions": {
				"items": [
					{
						"items": "#minecraft:master_shovels",
						"predicates": {
							"enchantments": [
								{
									"enchantment": "minecraft:efficiency",
									"levels": {
										"min": 5
									}
								},
								{
									"enchantment": "minecraft:silk_touch",
									"levels": {
										"min": 1
									}
								},
								{
									"enchantment": "minecraft:unbreaking",
									"levels": {
										"min": 3
									}
								},
								{
									"enchantment": "minecraft:mending",
									"levels": {
										"min": 1
									}
								}	
							]
						}
					}
				]
			}
		}
	},	
	"requirements": [
		[
			"perfect_shovel_fortune",
			"perfect_shovel_silk_touch"
		]
	]
}