{
    "display": {
        "icon": {
			"id": "minecraft:fishing_rod",
			"components": {
				"minecraft:enchantment_glint_override": true
			}
		},
        "title": {"translate":"Pescador da vara foda"},
        "description": {"translate":"Crie uma vara de pesca com todos os encantamentos no nível máximo"},
        "announce_to_chat": true,
		"frame": "challenge"
    },
    "parent": "minecraft:magia/master_farmer",
    "rewards": {
		"function": "minecraft:function/magia/master_fisher"
    },		
    "criteria": {
		"perfect_rod": {
			"trigger": "minecraft:inventory_changed",
			"conditions": {
				"items": [
					{
						"items": [
							"minecraft:fishing_rod"
						],
						"enchantments": [
							{
								"enchantment": "minecraft:lure",
								"levels": {
									"min": 3
								}
							},
							{
								"enchantment": "minecraft:luck_of_the_sea",
								"levels": {
									"min": 3
								}
							},	
							{
								"enchantment": "minecraft:unbreaking",
								"levels": {
									"min": 3
								}
							},	
							{
								"enchantment": "minecraft:mending",
								"levels": {
									"min": 1
								}
							}		
						]
					}
				]
			}
		}
	}
}