{
    "display": {
        "icon": {
			"id": "minecraft:diamond_sword",
			"components": {
				"minecraft:enchantment_glint_override": true
			}
		},
        "title": {"translate":"Corte rapido é tramontina"},
        "description": {"translate":"Crie uma espada com todos os encantamentos no nível máximo"},
        "announce_to_chat": true,
		"frame": "challenge"
    },
    "parent": "minecraft:magia/master_armorer",
    "rewards": {
		"function": "minecraft:function/magia/master_knight"
    },		
    "criteria": {
		"perfect_sword": {
			"trigger": "minecraft:inventory_changed",
			"conditions": {
				"items": [
					{
						"items": "#minecraft:master_swords",
						"predicates": {
							"enchantments": [
								{
									"enchantment": "minecraft:sharpness",
									"levels": {
										"min": 5
									}
								},
								{
									"enchantment": "minecraft:knockback",
									"levels": {
										"min": 2
									}
								},
								{
									"enchantment": "minecraft:fire_aspect",
									"levels": {
										"min": 2
									}
								},
								{
									"enchantment": "minecraft:looting",
									"levels": {
										"min": 3
									}
								},
								{
									"enchantment": "minecraft:sweeping_edge",
									"levels": {
										"min": 3
									}
								},		
								{
									"enchantment": "minecraft:unbreaking",
									"levels": {
										"min": 3
									}
								},	
								{
									"enchantment": "minecraft:mending",
									"levels": {
										"min": 1
									}
								}		
							]
						}
					}
				]
			}
		},
		"perfect_sword_smite": {
			"trigger": "minecraft:inventory_changed",
			"conditions": {
				"items": [
					{
						"items": "#minecraft:master_swords",
						"predicates": {
							"enchantments": [
								{
									"enchantment": "minecraft:smite",
									"levels": {
										"min": 5
									}
								},
								{
									"enchantment": "minecraft:knockback",
									"levels": {
										"min": 2
									}
								},
								{
									"enchantment": "minecraft:fire_aspect",
									"levels": {
										"min": 2
									}
								},
								{
									"enchantment": "minecraft:looting",
									"levels": {
										"min": 3
									}
								},
								{
									"enchantment": "minecraft:sweeping_edge",
									"levels": {
										"min": 3
									}
								},		
								{
									"enchantment": "minecraft:unbreaking",
									"levels": {
										"min": 3
									}
								},	
								{
									"enchantment": "minecraft:mending",
									"levels": {
										"min": 1
									}
								}		
							]
						}
					}
				]
			}
		},
		"perfect_sword_bane": {
			"trigger": "minecraft:inventory_changed",
			"conditions": {
				"items": [
					{
						"items": "#minecraft:master_swords",
						"predicates": {
							"enchantments": [
								{
									"enchantment": "minecraft:bane_of_arthropods",
									"levels": {
										"min": 5
									}
								},
								{
									"enchantment": "minecraft:knockback",
									"levels": {
										"min": 2
									}
								},
								{
									"enchantment": "minecraft:fire_aspect",
									"levels": {
										"min": 2
									}
								},
								{
									"enchantment": "minecraft:looting",
									"levels": {
										"min": 3
									}
								},
								{
									"enchantment": "minecraft:sweeping_edge",
									"levels": {
										"min": 3
									}
								},		
								{
									"enchantment": "minecraft:unbreaking",
									"levels": {
										"min": 3
									}
								},	
								{
									"enchantment": "minecraft:mending",
									"levels": {
										"min": 1
									}
								}		
							]
						}
					}
				]
			}
		}
	},
	"requirements": [
		[
			"perfect_sword",
			"perfect_sword_smite",
			"perfect_sword_bane"
		]
	]
}