{
    "display": {
        "icon": {
			"id": "minecraft:diamond_hoe",
			"components": {
				"minecraft:enchantment_glint_override": true
			}
		},
        "title": {"translate":"Enxada de baitola"},
        "description": {"translate":"Crie uma enxada com todos os encantamentos no nível máximo"},
        "announce_to_chat": true,
		"frame": "challenge"
    },
    "parent": "minecraft:magia/master_digger",
    "rewards": {
		"function": "minecraft:function/magia/master_farmer"
    },		
    "criteria": {
		"perfect_hoe_fortune": {
			"trigger": "minecraft:inventory_changed",
			"conditions": {
				"items": [
					{
						"items": "#minecraft:master_hoes",
						"predicates": {
							"enchantments": [
								{
									"enchantment": "minecraft:efficiency",
									"levels": {
										"min": 5
									}
								},
								{
									"enchantment": "minecraft:fortune",
									"levels": {
										"min": 3
									}
								},
								{
									"enchantment": "minecraft:unbreaking",
									"levels": {
										"min": 3
									}
								},
								{
									"enchantment": "minecraft:mending",
									"levels": {
										"min": 1
									}
								}	
							]
						}
					}
				]
			}
		},
		"perfect_hoe_silk_touch": {
			"trigger": "minecraft:inventory_changed",
			"conditions": {
				"items": [
					{
						"items": "#minecraft:master_hoes",
						"predicates": {
							"enchantments": [
								{
									"enchantment": "minecraft:efficiency",
									"levels": {
										"min": 5
									}
								},
								{
									"enchantment": "minecraft:silk_touch",
									"levels": {
										"min": 1
									}
								},
								{
									"enchantment": "minecraft:unbreaking",
									"levels": {
										"min": 3
									}
								},
								{
									"enchantment": "minecraft:mending",
									"levels": {
										"min": 1
									}
								}	
							]
						}
					}
				]
			}
		}
	},	
	"requirements": [
		[
			"perfect_hoe_fortune",
			"perfect_hoe_silk_touch"
		]
	]
}