{
    "display": {
        "icon": {
			"id": "minecraft:bow",
			"components": {
				"minecraft:enchantment_glint_override": true
			}
		},
        "title": {"translate":"Sniper de Sniper"},
        "description": {"translate":"Crie um arco com todos os encantamentos no nível máximo"},
        "announce_to_chat": true,
		"frame": "challenge"
    },
    "parent": "minecraft:magia/enchant_item",
    "rewards": {
		"function": "minecraft:function/magia/master_sniper"
    },		
    "criteria": {
		"perfect_bow_infinity": {
			"trigger": "minecraft:inventory_changed",
			"conditions": {
				"items": [
					{
						"items": [
							"minecraft:bow"
						],
						"predicates": {
							"enchantments": [
								{
									"enchantment": "minecraft:power",
									"levels": {
										"min": 5
									}
								},
								{
									"enchantment": "minecraft:punch",
									"levels": {
										"min": 2
									}
								},
								{
									"enchantment": "minecraft:flame",
									"levels": {
										"min": 1
									}
								},
								{
									"enchantment": "minecraft:infinity",
									"levels": {
										"min": 1
									}
								},
								{
									"enchantment": "minecraft:unbreaking",
									"levels": {
										"min": 3
									}
								}	
							]
						}
					}
				]
			}
		},
		"perfect_bow_mending": {
			"trigger": "minecraft:inventory_changed",
			"conditions": {
				"items": [
					{
						"items": [
							"minecraft:bow"
						],
						"predicates": {
							"enchantments": [
								{
									"enchantment": "minecraft:power",
									"levels": {
										"min": 5
									}
								},
								{
									"enchantment": "minecraft:punch",
									"levels": {
										"min": 2
									}
								},
								{
									"enchantment": "minecraft:flame",
									"levels": {
										"min": 1
									}
								},
								{
									"enchantment": "minecraft:mending",
									"levels": {
										"min": 1
									}
								},
								{
									"enchantment": "minecraft:unbreaking",
									"levels": {
										"min": 3
									}
								}	
							]
						}
					}
				]
			}
		}
	},
	"requirements": [
		[
			"perfect_bow_infinity",
			"perfect_bow_mending"
		]
	]
}