{
    "display": {
        "icon": {
			"id": "minecraft:crossbow",
			"components": {
				"minecraft:enchantment_glint_override": true
			}
		},
        "title": {"translate":"Sniper de Madeira"},
        "description": {"translate":"Crie uma besta com todos os tipos de encantamentos no nível máximo"},
        "announce_to_chat": true,
		"frame": "challenge"
    },
    "parent": "minecraft:magia/master_sniper",
    "rewards": {
		"function": "minecraft:function/magia/master_arbalist"
    },		
    "criteria": {
		"perfect_bow_multishot": {
			"trigger": "minecraft:inventory_changed",
			"conditions": {
				"items": [
					{
						"items": [
							"minecraft:crossbow"
						],
						"predicates": {
							"enchantments": [
								{
									"enchantment": "minecraft:quick_charge",
									"levels": {
										"min": 3
									}
								},
								{
									"enchantment": "minecraft:multishot",
									"levels": {
										"min": 1
									}
								},
								{
									"enchantment": "minecraft:mending",
									"levels": {
										"min": 1
									}
								},
								{
									"enchantment": "minecraft:unbreaking",
									"levels": {
										"min": 3
									}
								}
							]
						}
					}
				]
			}
		},
		"perfect_bow_piercing": {
			"trigger": "minecraft:inventory_changed",
			"conditions": {
				"items": [
					{
						"items": [
							"minecraft:crossbow"
						],
						"predicates": {
							"enchantments": [
								{
									"enchantment": "minecraft:quick_charge",
									"levels": {
										"min": 3
									}
								},						
								{
									"enchantment": "minecraft:piercing",
									"levels": {
										"min": 4
									}
								},
								{
									"enchantment": "minecraft:mending",
									"levels": {
										"min": 1
									}
								},
								{
									"enchantment": "minecraft:unbreaking",
									"levels": {
										"min": 3
									}
								}
							]
						}
					}
				]
			}
		}
	},
	"requirements": [
		[
			"perfect_bow_multishot",
			"perfect_bow_piercing"
		]
	]
}