{
    "display": {
		"icon": {
			"id": "minecraft:blaze_powder",
			"components": {
				"minecraft:potion_contents": {
					"custom_color": 16056565
				}
			}
		},
		"title": {"translate":"Poções e Encantamentos"},
		"description": {"color":"green","translate":"Bem auto explicativo"},
		"background": "minecraft:textures/block/glowstone.png",
		"show_toast": false,
		"announce_to_chat": false
	},
    "criteria": {
		"obsidian": {
			"trigger": "minecraft:inventory_changed",
			"conditions": {
				"items": [
					{
						"items": [ 
							"minecraft:obsidian"
						]
					}
				]
			}
		}
	}
}