{
	"display": {
		"icon": {
			"id": "minecraft:magma_cream"
		},
		"title": {"translate":"Fica frio aí"},
		"description": {"translate":"Nade na lava com Resistencia ao Fogo"},
		"announce_to_chat": true
	},
	"parent": "minecraft:magia/failed_concoctions",
	"rewards": {
		"function": "minecraft:function/magia/stayin_frosty"
	},	
	"criteria": {
		"fire_resistance": {
			"trigger": "minecraft:location",
			"conditions": {
				"player": [
					{
						"condition": "minecraft:entity_properties",
						"entity": "this",
						"predicate": {
							"effects": {
								"minecraft:fire_resistance": {
									"amplifier": {
										"min": 0
									}
								}
							}
						}
					},
					{
						"condition": "minecraft:entity_properties",
						"entity": "this",
						"predicate": {
							"location": {
								"fluid": {
									"fluids": [
										"minecraft:lava",
										"minecraft:flowing_lava"
									]
								}
							}
						}
					},
					{
						"condition": "minecraft:inverted",
						"term": {
							"condition": "minecraft:entity_properties",
							"entity": "this",
							"predicate": {
								"type_specific": {
									"type": "player",
									"gamemode": ["spectator"]
								}
							}
						}
					}
				]
			}
		}
	}
}