{
	"condition": "minecraft:any_of",
	"terms": [
		{
			"condition": "minecraft:entity_properties",
			"entity": "this",
			"predicate": {
				"location": {
					"dimension": "minecraft:overworld",
					"position": {
						"y": {
							"min": 319.0
						}
					}
				}
			}
		},
		{
			"condition": "minecraft:entity_properties",
			"entity": "this",
			"predicate": {
				"location": {
					"dimension": "minecraft:nether",
					"position": {
						"y": {
							"min": 255.0
						}
					}
				}
			}
		},
		{
			"condition": "minecraft:entity_properties",
			"entity": "this",
			"predicate": {
				"location": {
					"dimension": "minecraft:the_end",
					"position": {
						"y": {
							"min": 255.0
						}
					}
				}
			}
		}
	]
}