{
	"display": {
		"icon": {
			"item": "minecraft:diamond_boots"
		},
		"title": {"translate":"Hora de Aventura"},
		"description": {"color":"dark_purple","translate":"Descubra todos os biomas"},
		"announce_to_chat": "true",
		"frame": "challenge"
	},
	"parent": "minecraft:adventure/titanic",	
	"rewards": {
		"function": "bc_rewards:biomes/adventuring_time"
	},	
	"criteria": {
		"snowy_plains": {
			"trigger": "minecraft:location",
			"conditions": {
				"player": [
					{
						"condition": "minecraft:any_of",
						"terms": [
							{
								"condition": "minecraft:entity_properties",
								"entity": "this",
								"predicate": {
									"location": {
										"biome": "minecraft:snowy_plains"
									}
								}
							},
							{
								"condition": "minecraft:entity_properties",
								"entity": "this",
								"predicate": {
									"location": {
										"biome": "minecraft:ice_spikes"
									}
								}
							}
						]
					},
					{
						"condition": "minecraft:inverted",
						"term": {
							"condition": "minecraft:entity_properties",
							"entity": "this",
							"predicate": {
								"type_specific": {
									"type": "player",
									"gamemode": "spectator"
								}
							}
						}
					}
				]
			}
		},
		"snowy_taiga": {
			"trigger": "minecraft:location",
			"conditions": {
				"player": [
					{
						"condition": "minecraft:entity_properties",
						"entity": "this",
						"predicate": {
							"location": {
								"biome": "minecraft:snowy_taiga"
							}
						}
					},
					{
						"condition": "minecraft:inverted",
						"term": {
							"condition": "minecraft:entity_properties",
							"entity": "this",
							"predicate": {
								"type_specific": {
									"type": "player",
									"gamemode": "spectator"
								}
							}
						}
					}
				]
			}
		},
		"windswept_hills": {
			"trigger": "minecraft:location",
			"conditions": {
				"player": [
					{
						"condition": "minecraft:any_of",
						"terms": [
							{
								"condition": "minecraft:entity_properties",
								"entity": "this",
								"predicate": {
									"location": {
										"biome": "minecraft:windswept_hills"
									}
								}
							},
							{
								"condition": "minecraft:entity_properties",
								"entity": "this",
								"predicate": {
									"location": {
										"biome": "minecraft:windswept_gravelly_hills"
									}
								}
							},
							{
								"condition": "minecraft:entity_properties",
								"entity": "this",
								"predicate": {
									"location": {
										"biome": "minecraft:windswept_forest"
									}
								}
							}
						]
					},
					{
						"condition": "minecraft:inverted",
						"term": {
							"condition": "minecraft:entity_properties",
							"entity": "this",
							"predicate": {
								"type_specific": {
									"type": "player",
									"gamemode": "spectator"
								}
							}
						}
					}
				]
			}
		},
		"taiga": {
			"trigger": "minecraft:location",
			"conditions": {
				"player": [
					{
						"condition": "minecraft:entity_properties",
						"entity": "this",
						"predicate": {
							"location": {
								"biome": "minecraft:taiga"
							}
						}
					},
					{
						"condition": "minecraft:inverted",
						"term": {
							"condition": "minecraft:entity_properties",
							"entity": "this",
							"predicate": {
								"type_specific": {
									"type": "player",
									"gamemode": "spectator"
								}
							}
						}
					}
				]
			}
		},
		"old_growth_taiga": {
			"trigger": "minecraft:location",
			"conditions": {
				"player": [
					{
						"condition": "minecraft:any_of",
						"terms": [
							{
								"condition": "minecraft:entity_properties",
								"entity": "this",
								"predicate": {
									"location": {
										"biome": "minecraft:old_growth_pine_taiga"
									}
								}
							},
							{
								"condition": "minecraft:entity_properties",
								"entity": "this",
								"predicate": {
									"location": {
										"biome": "minecraft:old_growth_spruce_taiga"
									}
								}
							}
						]
					},
					{
						"condition": "minecraft:inverted",
						"term": {
							"condition": "minecraft:entity_properties",
							"entity": "this",
							"predicate": {
								"type_specific": {
									"type": "player",
									"gamemode": "spectator"
								}
							}
						}
					}
				]
			}
		},
		"plains": {
			"trigger": "minecraft:location",
			"conditions": {
				"player": [
					{
						"condition": "minecraft:any_of",
						"terms": [
							{
								"condition": "minecraft:entity_properties",
								"entity": "this",
								"predicate": {
									"location": {
										"biome": "minecraft:plains"
									}
								}
							},
							{
								"condition": "minecraft:entity_properties",
								"entity": "this",
								"predicate": {
									"location": {
										"biome": "minecraft:sunflower_plains"
									}
								}
							}
						]
					},
					{
						"condition": "minecraft:inverted",
						"term": {
							"condition": "minecraft:entity_properties",
							"entity": "this",
							"predicate": {
								"type_specific": {
									"type": "player",
									"gamemode": "spectator"
								}
							}
						}
					}
				]
			}
		},
		"forest": {
			"trigger": "minecraft:location",
			"conditions": {
				"player": [
					{
						"condition": "minecraft:any_of",
						"terms": [
							{
								"condition": "minecraft:entity_properties",
								"entity": "this",
								"predicate": {
									"location": {
										"biome": "minecraft:forest"
									}
								}
							},
							{
								"condition": "minecraft:entity_properties",
								"entity": "this",
								"predicate": {
									"location": {
										"biome": "minecraft:flower_forest"
									}
								}
							}
						]
					},
					{
						"condition": "minecraft:inverted",
						"term": {
							"condition": "minecraft:entity_properties",
							"entity": "this",
							"predicate": {
								"type_specific": {
									"type": "player",
									"gamemode": "spectator"
								}
							}
						}
					}
				]
			}
		},
		"birch_forest": {
			"trigger": "minecraft:location",
			"conditions": {
				"player": [
					{
						"condition": "minecraft:any_of",
						"terms": [
							{
								"condition": "minecraft:entity_properties",
								"entity": "this",
								"predicate": {
									"location": {
										"biome": "minecraft:birch_forest"
									}
								}
							},
							{
								"condition": "minecraft:entity_properties",
								"entity": "this",
								"predicate": {
									"location": {
										"biome": "minecraft:old_growth_birch_forest"
									}
								}
							}
						]
					},
					{
						"condition": "minecraft:inverted",
						"term": {
							"condition": "minecraft:entity_properties",
							"entity": "this",
							"predicate": {
								"type_specific": {
									"type": "player",
									"gamemode": "spectator"
								}
							}
						}
					}
				]
			}
		},
		"dark_forest": {
			"trigger": "minecraft:location",
			"conditions": {
				"player": [
					{
						"condition": "minecraft:entity_properties",
						"entity": "this",
						"predicate": {
							"location": {
								"biome": "minecraft:dark_forest"
							}
						}
					},
					{
						"condition": "minecraft:inverted",
						"term": {
							"condition": "minecraft:entity_properties",
							"entity": "this",
							"predicate": {
								"type_specific": {
									"type": "player",
									"gamemode": "spectator"
								}
							}
						}
					}
				]
			}
		},
		"swamp": {
			"trigger": "minecraft:location",
			"conditions": {
				"player": [
					{
						"condition": "minecraft:any_of",
						"terms": [
							{
								"condition": "minecraft:entity_properties",
								"entity": "this",
								"predicate": {
									"location": {
										"biome": "minecraft:swamp"
									}
								}
							},
							{
								"condition": "minecraft:entity_properties",
								"entity": "this",
								"predicate": {
									"location": {
										"biome": "minecraft:mangrove_swamp"
									}
								}
							}
						]
					},
					{
						"condition": "minecraft:inverted",
						"term": {
							"condition": "minecraft:entity_properties",
							"entity": "this",
							"predicate": {
								"type_specific": {
									"type": "player",
									"gamemode": "spectator"
								}
							}
						}
					}
				]
			}
		},
		"jungle": {
			"trigger": "minecraft:location",
			"conditions": {
				"player": [
					{
						"condition": "minecraft:any_of",
						"terms": [
							{
								"condition": "minecraft:entity_properties",
								"entity": "this",
								"predicate": {
									"location": {
										"biome": "minecraft:jungle"
									}
								}
							},
							{
								"condition": "minecraft:entity_properties",
								"entity": "this",
								"predicate": {
									"location": {
										"biome": "minecraft:sparse_jungle"
									}
								}
							},
							{
								"condition": "minecraft:entity_properties",
								"entity": "this",
								"predicate": {
									"location": {
										"biome": "minecraft:bamboo_jungle"
									}
								}
							},
							{
								"condition": "minecraft:entity_properties",
								"entity": "this",
								"predicate": {
									"location": {
										"biome": "minecraft:modified_jungle_edge"
									}
								}
							}
						]
					},
					{
						"condition": "minecraft:inverted",
						"term": {
							"condition": "minecraft:entity_properties",
							"entity": "this",
							"predicate": {
								"type_specific": {
									"type": "player",
									"gamemode": "spectator"
								}
							}
						}
					}
				]
			}
		},
		"river": {
			"trigger": "minecraft:location",
			"conditions": {
				"player": [
					{
						"condition": "minecraft:any_of",
						"terms": [
							{
								"condition": "minecraft:entity_properties",
								"entity": "this",
								"predicate": {
									"location": {
										"biome": "minecraft:river"
									}
								}
							},
							{
								"condition": "minecraft:entity_properties",
								"entity": "this",
								"predicate": {
									"location": {
										"biome": "minecraft:frozen_river"
									}
								}
							}
						]
					},
					{
						"condition": "minecraft:inverted",
						"term": {
							"condition": "minecraft:entity_properties",
							"entity": "this",
							"predicate": {
								"type_specific": {
									"type": "player",
									"gamemode": "spectator"
								}
							}
						}
					}
				]
			}
		},
		"beach": {
			"trigger": "minecraft:location",
			"conditions": {
				"player": [
					{
						"condition": "minecraft:any_of",
						"terms": [
							{
								"condition": "minecraft:entity_properties",
								"entity": "this",
								"predicate": {
									"location": {
										"biome": "minecraft:beach"
									}
								}
							},
							{
								"condition": "minecraft:entity_properties",
								"entity": "this",
								"predicate": {
									"location": {
										"biome": "minecraft:snowy_beach"
									}
								}
							},
							{
								"condition": "minecraft:entity_properties",
								"entity": "this",
								"predicate": {
									"location": {
										"biome": "minecraft:stony_shore"
									}
								}
							}
						]
					},
					{
						"condition": "minecraft:inverted",
						"term": {
							"condition": "minecraft:entity_properties",
							"entity": "this",
							"predicate": {
								"type_specific": {
									"type": "player",
									"gamemode": "spectator"
								}
							}
						}
					}
				]
			}
		},
		"mushroom_fields": {
			"trigger": "minecraft:location",
			"conditions": {
				"player": [
					{
						"condition": "minecraft:entity_properties",
						"entity": "this",
						"predicate": {
							"location": {
								"biome": "minecraft:mushroom_fields"
							}
						}
					},
					{
						"condition": "minecraft:inverted",
						"term": {
							"condition": "minecraft:entity_properties",
							"entity": "this",
							"predicate": {
								"type_specific": {
									"type": "player",
									"gamemode": "spectator"
								}
							}
						}
					}
				]
			}
		},
		"desert": {
			"trigger": "minecraft:location",
			"conditions": {
				"player": [
					{
						"condition": "minecraft:entity_properties",
						"entity": "this",
						"predicate": {
							"location": {
								"biome": "minecraft:desert"
							}
						}
					},
					{
						"condition": "minecraft:inverted",
						"term": {
							"condition": "minecraft:entity_properties",
							"entity": "this",
							"predicate": {
								"type_specific": {
									"type": "player",
									"gamemode": "spectator"
								}
							}
						}
					}
				]
			}
		},
		"savanna": {
			"trigger": "minecraft:location",
			"conditions": {
				"player": [
					{
						"condition": "minecraft:any_of",
						"terms": [
							{
								"condition": "minecraft:entity_properties",
								"entity": "this",
								"predicate": {
									"location": {
										"biome": "minecraft:savanna"
									}
								}
							},
							{
								"condition": "minecraft:entity_properties",
								"entity": "this",
								"predicate": {
									"location": {
										"biome": "minecraft:savanna_plateau"
									}
								}
							},
							{
								"condition": "minecraft:entity_properties",
								"entity": "this",
								"predicate": {
									"location": {
										"biome": "minecraft:windswept_savanna"
									}
								}
							}
						]
					},
					{
						"condition": "minecraft:inverted",
						"term": {
							"condition": "minecraft:entity_properties",
							"entity": "this",
							"predicate": {
								"type_specific": {
									"type": "player",
									"gamemode": "spectator"
								}
							}
						}
					}
				]
			}
		},
		"badlands": {
			"trigger": "minecraft:location",
			"conditions": {
				"player": [
					{
						"condition": "minecraft:any_of",
						"terms": [
							{
								"condition": "minecraft:entity_properties",
								"entity": "this",
								"predicate": {
									"location": {
										"biome": "minecraft:badlands"
									}
								}
							},
							{
								"condition": "minecraft:entity_properties",
								"entity": "this",
								"predicate": {
									"location": {
										"biome": "minecraft:wooded_badlands"
									}
								}
							},
							{
								"condition": "minecraft:entity_properties",
								"entity": "this",
								"predicate": {
									"location": {
										"biome": "minecraft:eroded_badlands"
									}
								}
							}
						]
					},
					{
						"condition": "minecraft:inverted",
						"term": {
							"condition": "minecraft:entity_properties",
							"entity": "this",
							"predicate": {
								"type_specific": {
									"type": "player",
									"gamemode": "spectator"
								}
							}
						}
					}
				]
			}
		},
		"warm_ocean": {
			"trigger": "minecraft:location",
			"conditions": {
				"player": [
					{
						"condition": "minecraft:entity_properties",
						"entity": "this",
						"predicate": {
							"location": {
								"biome": "minecraft:warm_ocean"
							}
						}
					},
					{
						"condition": "minecraft:inverted",
						"term": {
							"condition": "minecraft:entity_properties",
							"entity": "this",
							"predicate": {
								"type_specific": {
									"type": "player",
									"gamemode": "spectator"
								}
							}
						}
					}
				]
			}
		},
		"lukewarm_ocean": {
			"trigger": "minecraft:location",
			"conditions": {
				"player": [
					{
						"condition": "minecraft:any_of",
						"terms": [
							{
								"condition": "minecraft:entity_properties",
								"entity": "this",
								"predicate": {
									"location": {
										"biome": "minecraft:lukewarm_ocean"
									}
								}
							},
							{
								"condition": "minecraft:entity_properties",
								"entity": "this",
								"predicate": {
									"location": {
										"biome": "minecraft:deep_lukewarm_ocean"
									}
								}
							}
						]
					},
					{
						"condition": "minecraft:inverted",
						"term": {
							"condition": "minecraft:entity_properties",
							"entity": "this",
							"predicate": {
								"type_specific": {
									"type": "player",
									"gamemode": "spectator"
								}
							}
						}
					}
				]
			}
		},
		"ocean": {
			"trigger": "minecraft:location",
			"conditions": {
				"player": [
					{
						"condition": "minecraft:any_of",
						"terms": [
							{
								"condition": "minecraft:entity_properties",
								"entity": "this",
								"predicate": {
									"location": {
										"biome": "minecraft:ocean"
									}
								}
							},
							{
								"condition": "minecraft:entity_properties",
								"entity": "this",
								"predicate": {
									"location": {
										"biome": "minecraft:deep_ocean"
									}
								}
							}
						]
					},
					{
						"condition": "minecraft:inverted",
						"term": {
							"condition": "minecraft:entity_properties",
							"entity": "this",
							"predicate": {
								"type_specific": {
									"type": "player",
									"gamemode": "spectator"
								}
							}
						}
					}
				]
			}
		},
		"cold_ocean": {
			"trigger": "minecraft:location",
			"conditions": {
				"player": [
					{
						"condition": "minecraft:any_of",
						"terms": [
							{
								"condition": "minecraft:entity_properties",
								"entity": "this",
								"predicate": {
									"location": {
										"biome": "minecraft:cold_ocean"
									}
								}
							},
							{
								"condition": "minecraft:entity_properties",
								"entity": "this",
								"predicate": {
									"location": {
										"biome": "minecraft:deep_cold_ocean"
									}
								}
							}
						]
					},
					{
						"condition": "minecraft:inverted",
						"term": {
							"condition": "minecraft:entity_properties",
							"entity": "this",
							"predicate": {
								"type_specific": {
									"type": "player",
									"gamemode": "spectator"
								}
							}
						}
					}
				]
			}
		},
		"frozen_ocean": {
			"trigger": "minecraft:location",
			"conditions": {
				"player": [
					{
						"condition": "minecraft:any_of",
						"terms": [
							{
								"condition": "minecraft:entity_properties",
								"entity": "this",
								"predicate": {
									"location": {
										"biome": "minecraft:frozen_ocean"
									}
								}
							},
							{
								"condition": "minecraft:entity_properties",
								"entity": "this",
								"predicate": {
									"location": {
										"biome": "minecraft:deep_frozen_ocean"
									}
								}
							}
						]
					},
					{
						"condition": "minecraft:inverted",
						"term": {
							"condition": "minecraft:entity_properties",
							"entity": "this",
							"predicate": {
								"type_specific": {
									"type": "player",
									"gamemode": "spectator"
								}
							}
						}
					}
				]
			}
		},
		"meadow": {
			"trigger": "minecraft:location",
			"conditions": {
				"player": [
					{
						"condition": "minecraft:entity_properties",
						"entity": "this",
						"predicate": {
							"location": {
								"biome": "minecraft:meadow"
							}
						}
					},
					{
						"condition": "minecraft:inverted",
						"term": {
							"condition": "minecraft:entity_properties",
							"entity": "this",
							"predicate": {
								"type_specific": {
									"type": "player",
									"gamemode": "spectator"
								}
							}
						}
					}
				]
			}
		},
		"snowy_slopes_or_grove": {
			"trigger": "minecraft:location",
			"conditions": {
				"player": [
					{
						"condition": "minecraft:any_of",
						"terms": [
							{
								"condition": "minecraft:entity_properties",
								"entity": "this",
								"predicate": {
									"location": {
										"biome": "minecraft:snowy_slopes"
									}
								}
							},
							{
								"condition": "minecraft:entity_properties",
								"entity": "this",
								"predicate": {
									"location": {
										"biome": "minecraft:grove"
									}
								}
							}
						]
					},
					{
						"condition": "minecraft:inverted",
						"term": {
							"condition": "minecraft:entity_properties",
							"entity": "this",
							"predicate": {
								"type_specific": {
									"type": "player",
									"gamemode": "spectator"
								}
							}
						}
					}
				]
			}
		},
		"peaks": {
			"trigger": "minecraft:location",
			"conditions": {
				"player": [
					{
						"condition": "minecraft:any_of",
						"terms": [
							{
								"condition": "minecraft:entity_properties",
								"entity": "this",
								"predicate": {
									"location": {
										"biome": "minecraft:frozen_peaks"
									}
								}
							},
							{
								"condition": "minecraft:entity_properties",
								"entity": "this",
								"predicate": {
									"location": {
										"biome": "minecraft:jagged_peaks"
									}
								}
							},
							{
								"condition": "minecraft:entity_properties",
								"entity": "this",
								"predicate": {
									"location": {
										"biome": "minecraft:stony_peaks"
									}
								}
							}
						]
					},
					{
						"condition": "minecraft:inverted",
						"term": {
							"condition": "minecraft:entity_properties",
							"entity": "this",
							"predicate": {
								"type_specific": {
									"type": "player",
									"gamemode": "spectator"
								}
							}
						}
					}
				]
			}
		},
		"cherry_grove": {
			"trigger": "minecraft:location",
			"conditions": {
				"player": [
					{
						"condition": "minecraft:entity_properties",
						"entity": "this",
						"predicate": {
							"location": {
								"biome": "minecraft:cherry_grove"
							}
						}
					},
					{
						"condition": "minecraft:inverted",
						"term": {
							"condition": "minecraft:entity_properties",
							"entity": "this",
							"predicate": {
								"type_specific": {
									"type": "player",
									"gamemode": "spectator"
								}
							}
						}
					}
				]
			}
		}
	}
}