{
	"display": {
		"icon": {
			"item": "minecraft:allay_spawn_egg"
		},
		"title": {"translate":"Aliança"},
		"description": {"color":"green","translate":"Resgate um Allay de um Pillager Outpost ou Woodland Mansion e dê a ele algo para brincar"},
		"announce_to_chat": "true"
	},
	"parent": "minecraft:adventure/house_of_psychos",
	"rewards": {
		"function": "bc_rewards:adventure/allayance"
	},		
	"criteria": {
		"allay": {
			"trigger": "minecraft:player_interacted_with_entity",
			"conditions": {
				"entity": [
					{
						"condition": "minecraft:entity_properties",
						"predicate": {
							"type": "minecraft:allay"
						},
						"entity": "this"
					}
				]
			}
		}
	}
}