{
	"display": {
		"icon": {
			"item": "minecraft:white_banner",
			"nbt": "{BlockEntityTag:{Patterns:[{Pattern:\"mr\",Color:9},{Pattern:\"bs\",Color:8},{Pattern:\"cs\",Color:7},{Pattern:\"bo\",Color:8},{Pattern:\"ms\",Color:15},{Pattern:\"hh\",Color:8},{Pattern:\"mc\",Color:8},{Pattern:\"bo\",Color:15}]}}"
		},
		"title": {"translate":"Batalha das bandas"},
		"description": {"color":"green","translate":"Sopre em um Chifre de Cabra durante uma raid pillager"},
		"announce_to_chat": "true",
		"frame": "goal"
	},
	"parent": "minecraft:adventure/were_being_attacked",
	"rewards": {
		"function": "bc_rewards:animal/battle_of_the_bands"
	},		
	"criteria": {
		"battle_of_the_bands": {
			"trigger": "minecraft:impossible"
		}
	}
}