{
	"display": {
		"icon": {
			"item": "minecraft:brush"
		},
		"title": {"translate":"Hora da limpeza"},
		"description": {"color":"green","translate":"Crie um pincel usando uma pena, cobre e um graveto"},
		"announce_to_chat": "true"
	},
	"parent": "minecraft:adventure/root",
	"rewards": {
		"function": "bc_rewards:adventure/brushed_away"
	},		
	"criteria": {
		"brush": {
			"trigger": "minecraft:inventory_changed",
			"conditions": {
				"items": [
					{
						"items": [
							"minecraft:brush"
						]
					}
				]
			}
		}
	}
}