{
    "display": {
        "icon": {
            "item": "minecraft:exposed_cut_copper"
        },
        "title": {"translate":"Está em chok?"},
        "description": {"color":"green","translate":"Seja atingido por um raio enquanto em cima de um para-raio"},
        "announce_to_chat": "true",
		"frame": "goal"
    },
    "parent": "minecraft:adventure/lightning_rod_with_villager_no_fire",
    "rewards": {
		"function": "bc_rewards:mining/called_shot"
    },		
    "criteria": {
        "called_shot": {
			"trigger": "minecraft:lightning_strike",
			"conditions": {
				"lightning": [
					{
						"condition": "minecraft:entity_properties",
						"predicate": {
							"distance": {
								"absolute": {
									"max": 2
								}
							},
							"entity_struck": [
								{
									"condition": "minecraft:entity_properties",
									"predicate": {
										"type": "minecraft:player"
									}
								}
							]
						},
						"entity": "this"
					}
				],
				"player": [
					{
						"condition": "minecraft:entity_properties",
						"predicate": {
							"stepping_on": {
								"block": {
									"blocks": [
										"minecraft:lightning_rod"
									]
								}
							}
						},
						"entity": "this"
					}
				]
			}
		}
    }
}