{
	"display": {
		"icon": {
			"item": "minecraft:white_banner",
      "nbt": "{BlockEntityTag:{Patterns:[{Color:9,Pattern:\"mr\"},{Color:8,Pattern:\"bs\"},{Color:7,Pattern:\"cs\"},{Color:8,Pattern:\"bo\"},{Color:15,Pattern:\"ms\"},{Color:8,Pattern:\"hh\"},{Color:8,Pattern:\"mc\"},{Color:15,Pattern:\"bo\"}],id:\"minecraft:banner\"},HideFlags:32,display:{Name:'{\"color\":\"gold\",\"translate\":\"block.minecraft.ominous_banner\"}'}}"
		},
		"title": {"translate":"Herói da vila"},
		"description": {"color":"#C900C7","translate":"Defenda uma vila de uma invasão"},
		"announce_to_chat": "true",
		"frame": "challenge"
	},
	"parent": "minecraft:adventure/were_being_attacked",
	"rewards": {
		"function": "bc_rewards:adventure/hero_of_the_village"
	},		
	"criteria": {
		"hero_of_the_village": {
			"trigger": "minecraft:effects_changed",
			"conditions": {
				"effects": {
					"minecraft:hero_of_the_village": {}
				}
			}
		}
	}
}