{
	"display": {
		"icon": {
			"item": "minecraft:honey_block"
		},
		"title": {"translate":"Situação melada"},
		"description": {"translate":"Dseslize por um bloco de mel para amortecer a queda"},
		"announce_to_chat": "true"
	},
	"parent": "minecraft:adventure/root",
	"rewards": {
		"function": "bc_rewards:animal/sticky_situation"
	},
	"criteria": {
		"honey_block_slide": {
			"trigger": "minecraft:slide_down_block",
			"conditions": {
				"blocks": [
					"minecraft:honey_block"
				]
			}
		}
	}
}