{
	"display": {
		"icon": {
			"item": "minecraft:villager_spawn_egg"
		},
		"title": {"translate":"Filtro de linha"},
		"description": {"color":"green","translate":"Proteja um aldeão de uma descarga elétrica sem causar um incêndio"},
		"announce_to_chat": "true"
	},
	"parent": "minecraft:adventure/root",
	"rewards": {
		"function": "bc_rewards:mining/surge_protector"
	},		
	"criteria": {
		"lightning_rod_with_villager_no_fire": {
			"trigger": "minecraft:lightning_strike",
			"conditions": {
				"lightning": [
					{
						"condition": "minecraft:entity_properties",
						"predicate": {
							"distance": {
								"absolute": {
									"max": 30.0
								}
							},
							"type_specific": {
								"type": "lightning",
								"blocks_set_on_fire": 0
							}
						},
						"entity": "this"
					}
				],
				"bystander": [
					{
						"condition": "minecraft:entity_properties",
						"predicate": {
							"type": "minecraft:villager"
						},
						"entity": "this"
					}
				]
			}
		}
	}
}