{
	"display": {
		"icon": {
			"item": "minecraft:mycelium"
		},
		"title": {"translate":"Filme do mario"},
		"description": {"color":"green","translate":"Encontre uma Ilha de Cogumelos"},
		"announce_to_chat": "true"
	},
	"parent": "minecraft:adventure/sleep_in_bed",	
	"rewards": {
		"function": "bc_rewards:animal/mooshroom_kingdom"
	},	
	"criteria": {
		"mushroom_fields": {
			"trigger": "minecraft:location",
			"conditions": {
				"player": [
					{
						"condition": "minecraft:entity_properties",
						"entity": "this",
						"predicate": {
							"location": {
								"biome": "minecraft:mushroom_fields"
							}
						}
					},
					{
						"condition": "minecraft:inverted",
						"term": {
							"condition": "minecraft:entity_properties",
							"entity": "this",
							"predicate": {
								"type_specific": {
									"type": "player",
									"gamemode": "spectator"
								}
							}
						}
					}
				]
			}
		}
	}
}