{
	"display": {
		"icon": {
			"item": "minecraft:azure_bluet"
		},
		"title": {"translate":"Valsa das flores"},
		"description": {"color":"green","translate":"Faça as pradarias ganharem vida ao som de um toca-discos"},
		"announce_to_chat": "true"
	},
	"parent": "minecraft:adventure/sleep_in_bed",
	"rewards": {
		"function": "bc_rewards:adventure/the_sound_of_music"
	},
	"criteria": {
		"play_jukebox_in_meadows": {
			"trigger": "minecraft:item_used_on_block",
			"conditions": {
				"location": [
					{
						"condition": "minecraft:location_check",
						"predicate": {
							"block": {
								"blocks": [
									"minecraft:jukebox"
								]
							},
							"biome": "minecraft:meadow"
						}
					},
					{
						"condition": "minecraft:match_tool",
						"predicate": {
							"tag": "minecraft:music_discs"
						}
					}
				]
			}
		}
	}
}