{
	"display": {
		"icon": {
			"item": "minecraft:large_fern"
		},
		"title": {"translate":"Espécime Primário"},
		"description": {"color":"dark_purple","translate":"Encontre Grama Alta ou Samambaia Alta em um baú de vila"},
		"announce_to_chat": "true",
		"frame": "goal"
	},
	"parent": "minecraft:adventure/trade",
	"rewards": {
		"function": "bc_rewards:adventure/prime_specimen"
	},		
	"criteria": {
		"tall_grass": {
			"trigger": "minecraft:inventory_changed",
			"conditions": {
				"items": [
					{
						"items": [
							"minecraft:tall_grass"
						]
					}
				]
			}
		},
		"large_fern": {
			"trigger": "minecraft:inventory_changed",
			"conditions": {
				"items": [
					{
						"items": [
							"minecraft:large_fern"
						]
					}
				]
			}
		}
	},
	"requirements": [
		[
		"tall_grass",
		"large_fern"
		]
	]
}