{
    "display": {
        "icon": {
            "item": "minecraft:enderman_spawn_egg"
        },
        "title": {"translate":"Slenderman"},
        "description": {"translate":"Mate esse monstro tenebroso"},
        "announce_to_chat": "true",
		"frame": "goal"
    },
    "parent": "minecraft:adventure/the_one_and_true_johnny",
    "rewards": {
        "function": "bc_rewards:adventure/slenderman"
    },		
    "criteria": {
        "slenderman": {
            "trigger": "minecraft:player_killed_entity",
            "conditions": {
                "entity": {
                    "type": "enderman",
					"nbt": "{CustomName:\"{\\\"text\\\":\\\"Slenderman\\\"}\"}"
                }
            }
        }
    }
}