{
	"display": {
		"icon": {
			"item": "minecraft:spyglass"
		},
		"title": {"translate":"É um pássaro?"},
		"description": {"translate":"Observe um papagaio com uma luneta"},
		"announce_to_chat": "true"
	},
	"parent": "minecraft:adventure/root",
	"rewards": {
		"function": "bc_rewards:animal/is_it_a_bird"
	},		
	"criteria": {
		"spyglass_at_parrot": {
			"trigger": "minecraft:using_item",
			"conditions": {
				"player": [
					{
						"condition": "minecraft:entity_properties",
						"predicate": {
							"type_specific": {
								"type": "player",
								"looking_at": {
									"type": "minecraft:parrot"
								}
							}
						},
						"entity": "this"
					}
				],
				"item": {
					"items": [
						"minecraft:spyglass"
					]
				}
			}
		}
	}
}