{
	"display": {
		"icon": {
			"item": "minecraft:iron_block"
		},
		"title": {"translate":"O guarda-costas"},
		"description": {"color":"green","translate":"Crie um golem de ferro para ajudar a defender uma vila"},
		"announce_to_chat": "true",
		"frame": "goal"
	},
	"parent": "minecraft:adventure/trade",
	"rewards": {
		"function": "bc_rewards:adventure/body_guard"
	},		
	"criteria": {
		"summoned": {
			"trigger": "minecraft:summoned_entity",
			"conditions": {
				"entity": {
					"type": "minecraft:iron_golem"
				}
			}
		}
	}
}
