{
    "display": {
        "icon": {
            "item": "minecraft:vindicator_spawn_egg"
        },
        "title": {"translate":"O único e verdadeiro Johnny!"},
        "description": {"color":"dark_purple","translate":"Mate o Johnny"},
        "announce_to_chat": "true",
		"frame": "goal"
    },
    "parent": "minecraft:adventure/house_of_psychos",
    "rewards": {
        "function": "bc_rewards:adventure/the_one_and_true_johnny"
    },		
    "criteria": {
        "johnny": {
            "trigger": "minecraft:player_killed_entity",
            "conditions": {
                "entity": {
                    "type": "vindicator",
					"nbt": "{CustomName:\"{\\\"text\\\":\\\"Johnny\\\"}\"}"
                }
            }
        }
    }
}