{
	"display": {
		"icon": {
			"item": "minecraft:totem_of_undying",
			"nbt": "{Enchantments:[{id:\"minecraft:unbreaking\",lvl:1}]}"
		},
		"title": {"translate":"À beira da morte"},
		"description": {"color":"green","translate":"Use um totem da imortalidade para enganar a morte"},
		"announce_to_chat": "true",
		"frame": "goal"
	},
	"parent": "minecraft:adventure/house_of_psychos",
	"rewards": {
		"function": "bc_rewards:adventure/postmortal"
	},	
	"criteria": {
		"used_totem": {
			"trigger": "minecraft:used_totem",
			"conditions": {
				"item": {
					"items": [
						"minecraft:totem_of_undying"
					]
				}
			}
		}
	}
}
