{
	"display": {
		"icon": {
			"item": "minecraft:beacon"
		},
		"title": {"translate":"E houve luz!"},
		"description": {"color":"dark_purple","translate":"Carregue um sinalizador à potência máxima"},
		"announce_to_chat": "true",
		"frame": "challenge"
	},
	"parent": "minecraft:nether/create_beacon",
	"rewards": {
		"function": "bc_rewards:nether/beaconator"
	},	
	"criteria": {
		"beacon": {
			"trigger": "minecraft:construct_beacon",
			"conditions": {
				"level": 4
			}
		}
	}
}