{
    "display": {
        "icon": {
            "item": "minecraft:netherite_ingot"
        },
        "title": {"translate":"Diamante? Cringe"},
        "description": {"color":"green","translate":"Use Ouro e Fragmentos de Netherite para fazer uma Barra de Netherite"},
        "announce_to_chat": "true"
    },
    "parent": "minecraft:nether/obtain_ancient_debris",
	"rewards": {
		"function": "bc_rewards:nether/diamonds_are_not_forever"
    },	
    "criteria": {
        "netherite_ingot": {
            "trigger": "minecraft:inventory_changed",
            "conditions": {
                "items": [
                    {
						"items": [
							"minecraft:netherite_ingot"
						]
                    }
                ]
            }
        }
    }
}