{
	"display": {
		"icon": {
			"item": "minecraft:gold_ingot"
		},
		"title": {"translate":"Meu precioso!"},
		"description": {"color":"green","translate":"Distraia um piglin com ouro"},
		"announce_to_chat": "true"
	},
	"parent": "minecraft:nether/root",
	"rewards": {
		"function": "bc_rewards:nether/oh_shiny"
	},
	"criteria": {
		"distract_piglin": {
			"trigger": "minecraft:thrown_item_picked_up_by_entity",
			"conditions": {
				"player": [
					{
						"condition": "minecraft:inverted",
						"term": {
							"condition": "minecraft:entity_properties",
							"predicate": {
								"equipment": {
									"head": {
										"items": [
										"minecraft:golden_helmet"
									]
									}
								}
							},
							"entity": "this"
						}
					},
					{
						"condition": "minecraft:inverted",
						"term": {
							"condition": "minecraft:entity_properties",
							"predicate": {
								"equipment": {
									"chest": {
										"items": [
										"minecraft:golden_chestplate"
									]
									}
								}
							},
							"entity": "this"
						}
					},
					{
						"condition": "minecraft:inverted",
						"term": {
							"condition": "minecraft:entity_properties",
							"predicate": {
								"equipment": {
									"legs": {
										"items": [
										"minecraft:golden_leggings"
									]
									}
								}
							},
							"entity": "this"
						}
					},
					{
						"condition": "minecraft:inverted",
						"term": {
							"condition": "minecraft:entity_properties",
							"predicate": {
								"equipment": {
									"feet": {
										"items": [
										"minecraft:golden_boots"
									]
									}
								}
							},
							"entity": "this"
						}
					}
				],
				"item": {
					"tag": "minecraft:piglin_loved"
				},
				"entity": [
					{
						"condition": "minecraft:entity_properties",
						"predicate": {
							"type": "minecraft:piglin",
							"flags": {
								"is_baby": false
							}
						},
						"entity": "this"
					}
				]
			}
		},
		"distract_piglin_directly": {
			"trigger": "minecraft:player_interacted_with_entity",
			"conditions": {
				"player": [
					{
						"condition": "minecraft:inverted",
						"term": {
							"condition": "minecraft:entity_properties",
							"predicate": {
								"equipment": {
									"head": {
										"items": [
										"minecraft:golden_helmet"
									]
									}
								}
							},
							"entity": "this"
						}
					},
					{
						"condition": "minecraft:inverted",
						"term": {
							"condition": "minecraft:entity_properties",
							"predicate": {
								"equipment": {
									"chest": {
										"items": [
										"minecraft:golden_chestplate"
									]
									}
								}
							},
							"entity": "this"
						}
					},
					{
						"condition": "minecraft:inverted",
						"term": {
							"condition": "minecraft:entity_properties",
							"predicate": {
								"equipment": {
									"legs": {
										"items": [
										"minecraft:golden_leggings"
									]
									}
								}
							},
							"entity": "this"
						}
					},
					{
						"condition": "minecraft:inverted",
						"term": {
							"condition": "minecraft:entity_properties",
							"predicate": {
								"equipment": {
									"feet": {
										"items": [
										"minecraft:golden_boots"
									]
									}
								}
							},
							"entity": "this"
						}
					}
				],
				"item": {
					"tag": "minecraft:piglin_loved"
				},
				"entity": [
					{
						"condition": "minecraft:entity_properties",
						"predicate": {
							"type": "minecraft:piglin",
							"flags": {
								"is_baby": false
							}
						},
						"entity": "this"
					}
				]
			}
		}
	},
	"requirements": [
		[
			"distract_piglin",
			"distract_piglin_directly"
		]
	]
}