{
	"display": {
		"icon": {
			"item": "minecraft:nether_bricks"
		},
		"title": {"translate":"Uma terrível fortaleza"},
		"description": {"color":"green","translate":"Descubra uma Fortaleza do Nether"},
		"announce_to_chat": "true"
	},
	"parent": "minecraft:nether/root",
	"rewards": {
		"function": "bc_rewards:nether/a_terrible_fortress"
	},		
	"criteria": {
		"fortress": {
			"trigger": "minecraft:location",
			"conditions": {
				"player": [
					{
						"condition": "minecraft:entity_properties",
						"entity": "this",
						"predicate": {
							"location": {
								"structure": "fortress"
							}
						}
					},
					{
						"condition": "minecraft:inverted",
						"term": {
							"condition": "minecraft:entity_properties",
							"entity": "this",
							"predicate": {
								"type_specific": {
									"type": "player",
									"gamemode": "spectator"
								}
							}
						}
					}
				]
			}
		}
	}
}