{
	"display": {
		"icon": {
			"item": "minecraft:chest"
		},
		"title": {"translate":"Achado não é roubado"},
		"description": {"color":"green","translate":"Saqueie um baú nos bastiões em ruínas"},
		"announce_to_chat": "true"
	},
	"parent": "minecraft:nether/find_bastion",
	"rewards": {
		"function": "bc_rewards:nether/war_pigs"
	},
	"criteria": {
		"loot_bastion_other": {
			"trigger": "minecraft:player_generates_container_loot",
			"conditions": {
				"loot_table": "minecraft:chests/bastion_other"
			}
		},
		"loot_bastion_treasure": {
			"trigger": "minecraft:player_generates_container_loot",
			"conditions": {
				"loot_table": "minecraft:chests/bastion_treasure"
			}
		},
		"loot_bastion_hoglin_stable": {
			"trigger": "minecraft:player_generates_container_loot",
			"conditions": {
				"loot_table": "minecraft:chests/bastion_hoglin_stable"
			}
		},
		"loot_bastion_bridge": {
			"trigger": "minecraft:player_generates_container_loot",
			"conditions": {
				"loot_table": "minecraft:chests/bastion_bridge"
			}
		}
	},
	"requirements": [
		[
			"loot_bastion_other",
			"loot_bastion_treasure",
			"loot_bastion_hoglin_stable",
			"loot_bastion_bridge"
		]
	]
}