{
    "display": {
        "icon": {
            "item": "minecraft:netherite_ingot"
        },
        "title": {"translate":"Apreciador de Netherite"},
        "description": {"color":"dark_purple","translate":"Minere Detritos suficientes para fazer um pack de Barras de Netherite!"},
        "announce_to_chat": "true",
		"frame": "challenge"
    },
    "parent": "minecraft:nether/netherite_miner",
	"rewards": {
		"function": "bc_rewards:nether/master_netherite_miner"
    },	
    "criteria": {
        "netherite_ingot": {
            "trigger": "minecraft:inventory_changed",
            "conditions": {
                "items": [
                    {
						"items": [
							"minecraft:netherite_ingot"
						],
						"count": 64
                    }
                ]
            }
        }
    }
}