{
	"display": {
		"icon": {
			"item": "minecraft:player_head",
			"nbt": "{SkullOwner:{Id:[I;-350135654,1482441980,-1270006103,864641199],Properties:{textures:[{Value:\"eyJ0ZXh0dXJlcyI6eyJTS0lOIjp7InVybCI6Imh0dHA6Ly90ZXh0dXJlcy5taW5lY3JhZnQubmV0L3RleHR1cmUvOGM5MDdhN2Y0ZjBjM2E2YzljOWI3OTM0OGY3YmYxOTkzNjk1YjZkMmVhZTJmYWI3MDRhMWE0ZDliODI4OGNiZSJ9fX0=\"}]}}}"
		},
		"title": {"translate":"Nerds Never Die"},
		"description": {"color":"dark_purple","translate":"Nomeie um Piglin Brute para 'Technoblade'"},
		"announce_to_chat": "true",
		"frame": "goal"
	},
	"parent": "minecraft:nether/wub_wub_wub",
	"rewards": {
		"function": "bc_rewards:adventure/nerds_never_die"
	},		
	"criteria": {
		"technoblade": {
			"trigger": "minecraft:player_interacted_with_entity",
			"conditions": {
				"item": {
					"items": [
						"minecraft:name_tag"
					],
					"nbt": "{display:{Name:\"{\\\"text\\\":\\\"Technoblade\\\"}\"}}"
				},
				"entity": [
					{
						"condition": "minecraft:entity_properties",
						"predicate": {
							"type": "minecraft:piglin_brute"
						},
						"entity": "this"
					}
				]
			}
		}
	}
}