{
	"display": {
		"icon": {
			"item": "minecraft:crying_obsidian"
		},
		"title": {"translate":"Quem tá cortando cebola?"},
		"description": {"color":"green","translate":"Obtenha uma obsidiana chorona"},
		"announce_to_chat": "true"
	},
	"parent": "minecraft:nether/root",
	"rewards": {
		"function": "bc_rewards:nether/who_is_cutting_onions"
	},		
	"criteria": {
		"crying_obsidian": {
			"trigger": "minecraft:inventory_changed",
			"conditions": {
				"items": [
					{
						"items": [ 
							"minecraft:crying_obsidian"
						]
					}
				]
			}
		}
	}
}