{
	"display": {
		"icon": {
			"item": "minecraft:blaze_rod"
		},
		"title": {"translate":"Brincando com o fogo"},
		"description": {"color":"green","translate":"Obtenha uma vara de um Blaze"},
		"announce_to_chat": "true"
	},
	"parent": "minecraft:nether/find_fortress",
	"rewards": {
		"function": "bc_rewards:nether/into_fire"
	},		
	"criteria": {
		"blaze_rod": {
			"trigger": "minecraft:inventory_changed",
			"conditions": {
				"items": [
					{
						"items": [ 
							"minecraft:blaze_rod"
						]
					}
				]
			}
		}
	}
}