{
	"display": {
		"icon": {
			"item": "minecraft:fire_charge"
		},
		"title": {"translate":"De volta para você amigo"},
		"description": {"color":"dark_purple","translate":"Mate um Ghast com uma bola de fogo"},
		"announce_to_chat": "true",
		"frame": "challenge"
	},
	"parent": "minecraft:nether/root",
	"rewards": {
		"function": "bc_rewards:nether/return_to_sender"
	},	
	"criteria": {
		"killed_ghast": {
			"trigger": "minecraft:player_killed_entity",
			"conditions": {
				"entity": {
					"type": "minecraft:ghast"
				},
				"killing_blow": {
					"tags": [
							{
								"id": "minecraft:is_projectile",
								"expected": true
							}
						],
					"direct_entity": {
						"type": "minecraft:fireball"
					}
				}
			}
		}
	}
}