{
	"display": {
		"icon": {
			"item": "minecraft:warped_fungus_on_a_stick"
		},
		"title": {"translate":"Um bote com pernas"},
		"description": {"color":"green","translate":"Monte num lavagante usando uma vara com fungo distorcido"},
		"announce_to_chat": "true"
	},
	"parent": "minecraft:nether/root",
	"rewards": {
		"function": "bc_rewards:nether/this_boat_has_legs"
	},	
	"criteria": {
		"used_warped_fungus_on_a_stick": {
			"trigger": "minecraft:item_durability_changed",
				"conditions": {
					"player": [
						{
							"condition": "minecraft:entity_properties",
							"predicate": {
								"vehicle": {
									"type": "minecraft:strider"
								}
							},
						"entity": "this"
					}
				],
				"item": {
					"items": [ 
						"minecraft:warped_fungus_on_a_stick"
					]
				}
			}
		}
	}
}