{
	"display": {
		"icon": {
			"item": "minecraft:nether_star"
		},
		"title": {"translate":"O poderoso chefão"},
		"description": {"color":"dark_purple","translate":"Invoque o Wither"},
		"announce_to_chat": "true",
		"frame": "goal"
	},
	"parent": "minecraft:nether/get_wither_skull",
	"rewards": {
		"function": "bc_rewards:nether/withering_heights"
	},	
	"criteria": {
		"summoned": {
			"trigger": "minecraft:summoned_entity",
			"conditions": {
				"entity": {
					"type": "wither"
				}
			}
		}
	}
}