{
	"display": {
		"icon": {
			"item": "minecraft:netherite_upgrade_smithing_template"
		},
		"title": {"translate":"Time to Upgrade!"},
		"description": {"color":"#75E1FF","translate":"Find a Netherite Upgrade Smithing Template in a Bastion Remnant"},
		"announce_to_chat": "true",
		"frame": "goal"
	},
	"parent": "minecraft:nether/loot_bastion",
	"rewards": {
		"function": "bc_rewards:nether/time_to_upgrade"
	},	
	"criteria": {
		"netherite_upgrade_smithing_template": {
			"trigger": "minecraft:inventory_changed",
			"conditions": {
				"items": [
					{
						"items": [
							"minecraft:netherite_upgrade_smithing_template"
						]
					}
				]
			}
		}
	}
}