{
	"display": {
		"icon": {
			"item": "minecraft:ghast_tear"
		},
		"title": {"translate":"Falsa aliança"},
		"description": {"color":"dark_purple","translate":"Resgate um Ghast do Nether, traga-o são e salvo a Superficie... e depois mate-o."},
		"announce_to_chat": "true",
		"frame": "challenge"
	},
	"parent": "minecraft:nether/return_to_sender",
	"rewards": {
		"function": "bc_rewards:nether/uneasy_alliance"
	},	
	"criteria": {
		"killed_ghast": {
			"trigger": "minecraft:player_killed_entity",
			"conditions": {
				"entity": {
					"type": "minecraft:ghast",
					"location": {
						"dimension": "overworld"
					}
				}
			}
		}
	}
}