{
	"display": {
		"icon": {
			"item": "minecraft:compass",
			"nbt": "{LodestoneDimension:\"minecraft:the_nether\"}"
		},
		"title": {"translate":"Um caminho com volta"},
		"description": {"color":"green","translate":"Use uma bússola numa magnetita"},
		"announce_to_chat": "true"
	},
	"parent": "minecraft:nether/diamonds_are_not_forever",
	"rewards": {
		"function": "bc_rewards:nether/country_lode_take_me_home"
	},	
	"criteria": {
		"use_lodestone": {
			"trigger": "minecraft:item_used_on_block",
			"conditions": {
				"location": [
					{
						"condition": "minecraft:location_check",
						"predicate": {
							"block": {
								"blocks": [
									"minecraft:lodestone"
								]
							}
						}
					},
					{
						"condition": "minecraft:match_tool",
						"predicate": {
							"items": [
								"minecraft:compass"
							]
						}
					}
				]
			}
		}
	}
}