{
	"display": {
		"icon": {
			"item": "minecraft:music_disc_5"
		},
		"title": {"translate":"A lore secreta retorna"},
		"description": {"color":"dark_purple","translate":"Colete fragmentos de disco suficientes para criar outro disco de sons misteriosos"},
		"announce_to_chat": "true",
		"frame": "challenge"
	},
	"parent": "minecraft:mining/death_pointer",
	"rewards": {
		"function": "bc_rewards:mining/9_to_5"
	},		
	"criteria": {
		"music_disc_5": {
			"trigger": "minecraft:inventory_changed",
			"conditions": {
				"items": [
					{
						"items": [
							"minecraft:music_disc_5"
						]
					}
				]
			}
		}
	}
}