{
	"display": {
		"icon": {
			"item": "minecraft:stone"
		},
		"title": {"translate":"Viniccius13"},
		"description": {"color":"dark_purple","translate":"Destrua um total de 13.000 blocos de Pedra"},
		"announce_to_chat": "true",
		"frame": "challenge"
	},
	"parent": "minecraft:mining/rock_collection",
	"rewards": {
		"function": "bc_rewards:mining/bulldozer"
	},		
	"criteria": {
		"mine_nether_gold_ore": {
			"trigger": "minecraft:location",
			"conditions": {
				"player":  {
					"type_specific": {
						"type": "player",
						"stats": [
							{
								"type": "minecraft:mined",
								"stat": "minecraft:stone",
								"value": {
									"min": 13000
								}
							}
						]
					}
				}
			}
		}
	}
}