{
    "display": {
        "icon": {
            "item": "minecraft:diamond_shovel"
        },
        "title": {"translate":"Kit completo"},
        "description": {"color":"green","translate":"Faça todas as ferramentas de diamante"},
        "announce_to_chat": "true"
    },
    "parent": "minecraft:mining/iconic_merchandising_prop",
    "rewards": {
		"function": "bc_rewards:mining/even_moar_tools"
    },			
    "criteria": {
        "diamond_pickaxe": {
            "trigger": "minecraft:inventory_changed",
            "conditions": {
                "items": [
                    {
						"items": [
							"minecraft:diamond_pickaxe"
						]
                    }
                ]
            }
        },
        "diamond_axe": {
            "trigger": "minecraft:inventory_changed",
            "conditions": {
                "items": [
                    {
						"items": [
							"minecraft:diamond_axe"
						]
                    }
                ]
            }
        },
        "diamond_shovel": {
            "trigger": "minecraft:inventory_changed",
            "conditions": {
                "items": [
                    {
						"items": [
							"minecraft:diamond_shovel"
						]
                    }
                ]
            }
        },
        "diamond_hoe": {
            "trigger": "minecraft:inventory_changed",
            "conditions": {
                "items": [
                    {
						"items": [
							"minecraft:diamond_hoe"
						]
                    }
                ]
            }
        }
    }
}