{
	"display": {
		"icon": {
			"item": "minecraft:ender_eye"
		},
		"title": {"translate":"O olho que o fim vê"},
		"description": {"color":"#49DB49","translate":"Siga um Olho de ender."},
		"announce_to_chat": "true"
	},
	"parent": "minecraft:mining/enter_the_nether",
	"rewards": {
		"function": "bc_rewards:nether/eye_spy"
	},	
	"criteria": {
		"in_stronghold": {
			"trigger": "minecraft:location",
			"conditions": {
				"player": [
					{
						"condition": "minecraft:entity_properties",
						"entity": "this",
						"predicate": {
							"location": {
								"structure": "stronghold"
							}
						}
					},
					{
						"condition": "minecraft:inverted",
						"term": {
							"condition": "minecraft:entity_properties",
							"entity": "this",
							"predicate": {
								"type_specific": {
									"type": "player",
									"gamemode": "spectator"
								}
							}
						}
					}
				]
			}
		}
	}
}
