{
	"display": {
		"icon": {
			"item": "minecraft:obsidian"
		},
		"title": {"translate":"Entrando numa fria"},
		"description": {"color":"#49DB49","translate":"Obtenha um bloco de obsidiana"},
		"announce_to_chat": "true"
	},
	"parent": "minecraft:mining/lava_bucket",
	"rewards": {
		"function": "bc_rewards:mining/ice_bucket_challenge"
	},			
	"criteria": {
		"obsidian": {
			"trigger": "minecraft:inventory_changed",
			"conditions": {
				"items": [
					{
						"items": [ 
							"minecraft:obsidian"
						]
					}
				]
			}
		}
	}
}
