{
    "display": {
        "icon": {
            "item": "minecraft:gold_ore"
        },
        "title": {"translate":"Vim em busca de Prata..."},
        "description": {"color":"green","translate":"Ache uma Mina de Ouro na superficie de um bioma de Mesa"},
        "announce_to_chat": "true"
    },
    "parent": "minecraft:mining/steals_on_wheels",
    "rewards": {
        "function": "bc_rewards:mining/gold_mine"
    },		
    "criteria": {
		"mineshaft_mesa": {
			"trigger": "minecraft:location",
			"conditions": {
				"player": [
					{
						"condition": "minecraft:entity_properties",
						"entity": "this",
						"predicate": {
							"location": {
								"structure": "mineshaft_mesa"
							}
						}
					},
					{
						"condition": "minecraft:inverted",
						"term": {
							"condition": "minecraft:entity_properties",
							"entity": "this",
							"predicate": {
								"type_specific": {
									"type": "player",
									"gamemode": "spectator"
								}
							}
						}
					}
				]
			}
		}
	}	
}