{
    "display": {
        "icon": {
            "item": "minecraft:diamond_pickaxe"
        },
        "title": {"translate":"A segunda melhor"},
        "description": {"color":"green","translate":"Crie uma picareta do (antigo) maior calibre!"},
        "announce_to_chat": "true"
    },
    "parent": "minecraft:mining/mine_diamond",
    "rewards": {
		"function": "bc_rewards:mining/iconic_merchandising_prop"
    },			
    "criteria": {
        "diamond_pickaxe": {
            "trigger": "minecraft:inventory_changed",
            "conditions": {
                "items": [
                    {
						"items": [
							"minecraft:diamond_pickaxe"
						]
                    }
                ]
            }
        }
    }
}