{
	"display": {
		"icon": {
			"item": "minecraft:lava_bucket"
		},
		"title": {"translate":"Temperatura máxima"},
		"description": {"color":"#49DB49","translate":"Encha um balde com lava"},
		"announce_to_chat": "true"
	},
	"parent": "minecraft:mining/smelt_iron",
	"rewards": {
		"function": "bc_rewards:mining/hot_stuff"
	},			
	"criteria": {
		"lava_bucket": {
			"trigger": "minecraft:inventory_changed",
			"conditions": {
				"items": [
					{
						"items": [ 
							"minecraft:lava_bucket"
						]
					}
				]
			}
		}
	}
}
