{
    "display": {
        "icon": {
            "item": "minecraft:obsidian"
        },
        "title": {"translate":"Minerador de obsidian"},
        "description": {"color":"green","translate":"Minere um pack de obsidian (isso vai demorar um pouco...)"},
        "announce_to_chat": "true",
		"frame": "goal"
    },
    "parent": "minecraft:mining/bulldozer",
    "rewards": {
		"function": "bc_rewards:mining/obsidian_miner"
    },		
    "criteria": {
        "obsidian": {
            "trigger": "minecraft:inventory_changed",
            "conditions": {
                "items": [
                    {
						"items": [
							"minecraft:obsidian"
						],
						"count": 64
                    }
                ]
            }
        }
    }
}