{
	"display": {
		"icon": {
			"item": "minecraft:gray_wool"
		},
		"title": {"translate":"Silêncio dos Inocentes"},
		"description": {"color":"dark_purple","translate":"Traga uma ovelha para uma cidade antiga e silencie-a"},
		"announce_to_chat": "true",
		"frame": "goal"
	},
	"parent": "minecraft:mining/fallen_kingdom",
	"rewards": {
		"function": "bc_rewards:animal/silence_of_the_lambs"
	},		
	"criteria": {
		"rabbit": {
			"trigger": "minecraft:player_killed_entity",
			"conditions": {
				"entity": {
					"type": "sheep",
					"location": {
						"structure": "ancient_city"
					}
				}
			}
		}
	}
}