{
	"display": {
		"icon": {
			"item": "minecraft:iron_ingot"
		},
		"title": {"translate":"A Idade do Ferro"},
		"description": {"color":"#49DB49","translate":"Funda uma barra de ferro"},
		"announce_to_chat": "true"
	},
	"parent": "minecraft:mining/upgrade_tools",
	"rewards": {
		"function": "bc_rewards:mining/acquire_hardware"
	},		
	"criteria": {
		"iron": {
			"trigger": "minecraft:inventory_changed",
			"conditions": {
				"items": [
					{
						"items": [ 
							"minecraft:iron_ingot"
						]
					}
				]
			}
		}
	}
}
