{
	"display": {
		"icon": {
			"id": "minecraft:recovery_compass"
		},
		"title": {"translate":"Eu não ando com o F3 ON"},
		"description": {"color":"green","translate":"Usando fragmentos de eco encontrados em cidades antigas, crie uma bússola de recuperação"},
		"announce_to_chat": true,
		"frame": "goal"
	},
	"parent": "minecraft:mining/fallen_kingdom",
	"rewards": {
		"function": "minecraft:function/mining/death_pointer"
	},		
	"criteria": {
		"recovery_compass": {
			"trigger": "minecraft:inventory_changed",
			"conditions": {
				"items": [
					{
						"items": [
							"minecraft:recovery_compass"
						]
					}
				]
			}
		}
	}
}