{
	"display": {
		"icon": {
			"id": "minecraft:deepslate"
		},
		"title": {"translate":"A velha bedrock"},
		"description": {"color":"green","translate":"Minere fundo o suficiente para a rocha se tornar escura"},
		"announce_to_chat": true
	},
	"parent": "minecraft:mining/spelunker",
	"rewards": {
		"function": "minecraft:function/mining/deep_slate_nine"
	},		
	"criteria": {
		"deepslate_level": {
			"trigger": "minecraft:location",
			"conditions": {
				"player": [
					{
						"condition": "minecraft:inverted",
						"term": {
							"condition": "minecraft:entity_properties",
							"entity": "this",
							"predicate": {
								"type_specific": {
									"type": "player",
									"gamemode": ["spectator"]
								}
							}
						}
					},
					{
						"condition": "minecraft:entity_properties",
						"entity": "this",
						"predicate": {
							"location": {
								"position": {
									"y": {
										"max": 4.5
									}
								},
								"dimension": "minecraft:overworld"
							}
						}
					}
				]
			}
		}
	}
}