{
	"display": {
		"icon": {
			"id": "minecraft:end_portal_frame"
		},
		"title": {"translate":"É o fim?"},
		"description": {"color":"#49DB49","translate":"Atravesse o portal do End"},
		"announce_to_chat": true
	},
	"parent": "minecraft:mining/follow_ender_eye",
	"rewards": {
		"function": "minecraft:function/mining/the_end"
	},	
	"criteria": {
		"entered_end_portal": {
			"trigger": "minecraft:enter_block",
			"conditions": {
				"block": "minecraft:end_portal"
			}
		}
	}
}