{
	"display": {
		"icon": {
			"id": "minecraft:reinforced_deepslate"
		},
		"title": {"translate":"Fallen Kingdom"},
		"description": {"color":"green","translate":"Encontre e entre em uma Cidade Antiga no subsolo"},
		"announce_to_chat": true
	},
	"parent": "minecraft:mining/root",
	"rewards": {
		"function": "minecraft:function/mining/fallen_kingdom"
	},		
	"criteria": {
		"ancient_city": {
			"trigger": "minecraft:location",
			"conditions": {
				"player": [
					{
						"condition": "minecraft:entity_properties",
						"entity": "this",
						"predicate": {
							"location": {
								"structures": "ancient_city"
							}
						}
					},
					{
						"condition": "minecraft:inverted",
						"term": {
							"condition": "minecraft:entity_properties",
							"entity": "this",
							"predicate": {
								"type_specific": {
									"type": "player",
									"gamemode": ["spectator"]
								}
							}
						}
					}
				]
			}
		}
	}
}