{
	"display": {
		"icon": {
			"id": "minecraft:iron_pickaxe"
		},
		"title": {"translate":"Ferrou!"},
		"description": {"color":"#49DB49","translate":"Melhore sua picareta"},
		"announce_to_chat": true
	},
	"parent": "minecraft:mining/smelt_iron",
	"rewards": {
		"function": "minecraft:function/mining/isnt_it_iron_pick"
	},			
	"criteria": {
		"iron_pickaxe": {
			"trigger": "minecraft:inventory_changed",
			"conditions": {
				"items": [
					{
						"items": [ 
							"minecraft:iron_pickaxe"
						]
					}
				]
			}
		}
	}
}
