{
	"display": {
		"icon": {
			"id": "minecraft:sculk_catalyst"
		},
		"title": {"translate":"Contágio"},
		"description": {"color":"dark_purple","translate":"Mate uma criatura perto de um catalisador de sculk"},
		"announce_to_chat": true,
		"frame": "challenge"
	},
	"parent": "minecraft:mining/avoid_vibration",
	"rewards": {
		"function": "minecraft:function/mining/it_spreads"
	},
	"criteria": {
		"kill_mob_near_sculk_catalyst": {
			"trigger": "minecraft:kill_mob_near_sculk_catalyst"
		}
	}
}