{
	"display": {
		"icon": {
			"id": "minecraft:diamond_ore"
		},
		"title": {"translate":"Diamantes!"},
		"description": {"color":"#49DB49","translate":"Obtenha diamantes"},
		"announce_to_chat": true
	},
	"parent": "minecraft:mining/iron_tools",
	"rewards": {
		"function": "minecraft:function/mining/diamonds"
	},			
	"criteria": {
		"diamond": {
			"trigger": "minecraft:inventory_changed",
			"conditions": {
				"items": [
					{
						"items": [ 
							"minecraft:diamond"
						]
					}
				]
			}
		}
	}
}
