{
	"display": {
		"icon": {
			"id": "minecraft:wooden_pickaxe"
		},
		"title": {"translate":"A Idade da Pedra"},
		"description": {"color":"#49DB49","translate":"Minere pedras com sua nova picareta"},
		"announce_to_chat": true
	},
	"parent": "minecraft:mining/root",
	"rewards": {
		"function": "minecraft:function/mining/stone_age"
	},		
	"criteria": {
		"cobblestone": {
			"trigger": "minecraft:inventory_changed",
			"conditions": {
				"items": [
					{
						"items": [
							"minecraft:cobblestone"
						]
					}
				]
			}
		},
		"stone": {
			"trigger": "minecraft:inventory_changed",
			"conditions": {
				"items": [
					{
						"items": [
							"minecraft:stone"
						]
					}
				]
			}
		},
		"cobbled_deepslate": {
			"trigger": "minecraft:inventory_changed",
			"conditions": {
				"items": [
					{
						"items": [
							"minecraft:cobbled_deepslate"
						]
					}
				]
			}
		},
		"deepslate": {
			"trigger": "minecraft:inventory_changed",
			"conditions": {
				"items": [
					{
						"items": [
							"minecraft:deepslate"
						]
					}
				]
			}
		},
		"blackstone": {
			"trigger": "minecraft:inventory_changed",
			"conditions": {
				"items": [
					{
						"items": [
							"minecraft:blackstone"
						]
					}
				]
			}
		}
	},
	"requirements": [
		[
			"cobblestone",
			"stone",
			"cobbled_deepslate",
			"deepslate",
			"blackstone"
		]
	]
}