{
    "display": {
        "icon": {
            "id": "minecraft:spore_blossom"
        },
        "title": {"translate":"Matinhu"},
        "description": {"translate":"Obtenha uma Flor de esporos"},
        "announce_to_chat": true

    },
    "parent": "minecraft:mining/thats_the_point",
    "rewards": {
		"function": "minecraft:function/mining/particle_fan"
    },		
    "criteria": {
		"spore_blossom": {
			"trigger": "minecraft:inventory_changed",
			"conditions": {
				"items": [
					{
						"items": [
							"minecraft:spore_blossom"
						]
					}
				]
			}
		}
	}
}