{
    "display": {
        "icon": {
            "id": "minecraft:granite"
        },
        "title": {"translate":"Dwayne Johnson (O Rocha)"},
        "description": {"translate":"Colete todos os tipos de pedras"},
        "announce_to_chat": true
    },
    "parent": "minecraft:mining/deep_slate_nine",
    "rewards": {
        "function": "minecraft:function/mining/rock_collection"
    },		
    "criteria": {
		"cobblestone": {
			"trigger": "minecraft:inventory_changed",
			"conditions": {
				"items": [
					{
						"items": [
							"minecraft:cobblestone"
						]
					}
				]
			}
		},
		"granite": {
			"trigger": "minecraft:inventory_changed",
			"conditions": {
				"items": [
					{
						"items": [
							"minecraft:granite"
						]
					}
				]
			}
		},
		"diorite": {
			"trigger": "minecraft:inventory_changed",
			"conditions": {
				"items": [
					{
						"items": [
							"minecraft:diorite"
						]
					}
				]
			}
		},
		"andesite": {
			"trigger": "minecraft:inventory_changed",
			"conditions": {
				"items": [
					{
						"items": [
							"minecraft:andesite"
						]
					}
				]
			}
		},
		"calcite": {
			"trigger": "minecraft:inventory_changed",
			"conditions": {
				"items": [
					{
						"items": [
							"minecraft:calcite"
						]
					}
				]
			}
		},
		"tuff": {
			"trigger": "minecraft:inventory_changed",
			"conditions": {
				"items": [
					{
						"items": [
							"minecraft:tuff"
						]
					}
				]
			}
		},
		"dripstone_block": {
			"trigger": "minecraft:inventory_changed",
			"conditions": {
				"items": [
					{
						"items": [
							"minecraft:dripstone_block"
						]
					}
				]
			}
		},
		"cobbled_deepslate": {
			"trigger": "minecraft:inventory_changed",
			"conditions": {
				"items": [
					{
						"items": [
							"minecraft:cobbled_deepslate"
						]
					}
				]
			}
		},
		"smooth_basalt": {
			"trigger": "minecraft:inventory_changed",
			"conditions": {
				"items": [
					{
						"items": [
							"minecraft:smooth_basalt"
						]
					}
				]
			}
		}
	}		
}