{
	"display": {
		"icon": {
			"id": "minecraft:sculk_shrieker"
		},
		"title": {"translate":"O Bloco do Grito Eterno"},
		"description": {"color":"green","translate":"Use Silk Touch para pegar um Sculk Shrieker"},
		"announce_to_chat": true,
		"frame": "goal"
	},
	"parent": "minecraft:mining/fallen_kingdom",
	"rewards": {
		"function": "minecraft:function/mining/the_block_of_eternal_screaming"
	},		
	"criteria": {
		"sculk_shrieker": {
			"trigger": "minecraft:inventory_changed",
			"conditions": {
				"items": [
					{
						"items": [
							"minecraft:sculk_shrieker"
						]
					}
				]
			}
		}
	}
}