{
	"rewards": {
		"function": "blazeandcave:riddle/sixth_line"
	},		
	"criteria": {
		"sixth_line": {
			"trigger": "minecraft:player_hurt_entity",
			"conditions": {
				"entity": {
					"type": "chicken",
					"flags": {
						"is_on_ground": true
					}
				},
				"damage": {
					"type": {
						"tags": [
							{
								"id": "minecraft:is_projectile",
								"expected": true
							}
						],
						"direct_entity": {
							"type": "minecraft:egg"
						}
					}
				},
				"player":  {
					"type_specific": {
						"type": "player",
						"advancements": {
							"blazeandcave:technical/riddle_fifth_line": true
						}
					}
				}
			}
		}
	}
}