{
	"rewards": {
		"function": "blazeandcave:riddle/first_line"
	},
	"criteria": {
		"first_line": {
			"trigger": "minecraft:inventory_changed",
			"conditions": {
				"items": [
					{
						"items": [
							"minecraft:compass"
						],					
						"predicates": {
							"enchantments": [
								{
									"enchantments": "minecraft:vanishing_curse"
								}
							]
						}
					}
				],
				"type_specific": {
					"type": "player",
					"type_specific": {
						"type": "player",
						"advancements": {
							"blazeandcave:challenges/root": true
						}
					}
				}
			}
		}
	}
}