{
	"rewards": {
		"function": "blazeandcave:whack_a_mole_count"
	},
	"criteria": {
		"whack_a_mole": {
			"trigger": "minecraft:player_hurt_entity",
			"conditions": {
				"entity": {
					"type": "armadillo"
				},
				"player": [
					{
						"condition": "minecraft:entity_properties",
						"entity": "this",
						"predicate": {
							"equipment": {
								"mainhand": {
									"items": "minecraft:mace",
									"predicates": {
										"minecraft:enchantments": [
											{
												"enchantments": "minecraft:wind_burst"
											}
										]
									}
								}
							}
						}
					}
				]
			}
		}
	}
}