{
    "display": {
        "icon": {
            "id": "minecraft:dragon_head"
        },
        "title": {"translate":"Dragão vs Dragão"},
        "description": {"color":"#FF2A2A","translate":"Mate o Ender Dragon Usando Uma Cabeça de Dragão... Sem Tocar O Chão!"},
        "announce_to_chat": true,
		"frame": "challenge"
    },
    "parent": "minecraft:desafios/root",
	"rewards": {
		"function": "minecraft:function/desafios/dragon_vs_dragon_ii_electric_boogaloo"
    },		
    "criteria": {
        "ten_withers": {
            "trigger": "minecraft:impossible"
        }
    }
}