{
    "display": {
        "icon": {
            "id": "minecraft:shulker_shell"
        },
        "title": {"translate":"Balão Meteorológico!"},
        "description": {"color":"#FF2A2A","translate":"Levite uma distância de 320 Blocos"},
        "announce_to_chat": true,
        "frame": "challenge"
    },
    "parent": "minecraft:desafios/ad_astra",
	"rewards": {
		"function": "minecraft:function/desafios/im_in_space"
    },	
    "criteria": {
        "levitated": {
            "trigger": "minecraft:levitation",
            "conditions": {
                "distance": {
                    "y": {
                        "min": 320
                    }
                }
            }
        }
    }
}