{
	"display": {
		"icon": {
			"id": "minecraft:map"
		},
		"title": {"translate":"Me diga o que é isso","extra":[{"italic":true,"text":"           "}]},
		"description": {"color":"#FF2A2A","translate":"A primeira é forjar uma bússola que desaparece","extra":[{"text":"\n"},{"color":"#FF2A2A","translate":"A segunda é matar um cadáver que pesca"},{"text":"\n"},{"color":"#FF2A2A","translate":"A terceira é viajar em uma montaria de cabeça para baixo"},{"text":"\n"},{"color":"#FF2A2A","translate":"A quarta é levar em conta um tripwire do templo"},{"text":"\n"},{"color":"#FF2A2A","translate":"A quinta é ser invisível, mas visível em todos os lugares"},{"text":"\n"},{"color":"#FF2A2A","translate":"A sexta é devolver o produto de uma ave em pleno ar"},{"text":"\n"},{"color":"#FF2A2A","translate":"A sétima é permitir que uma criança cometa o ato de roubar"},{"text":"\n"},{"color":"#FF2A2A","translate":"A oitava é ferir um Wither com uma cura de respingos"},{"text":"\n"},{"color":"#FF2A2A","translate":"A nona é ser um pirata; papagaio, luneta, mapa e barco"},{"text":"\n"},{"color":"#FF2A2A","translate":"A décima, se você conseguir alcançá-lo, será o G.O.A.T."}]},
		"announce_to_chat": true,
		"frame": "challenge"
	},
	"parent": "minecraft:desafios/the_perfect_run",
	"rewards": {
		"function": "minecraft:function/desafios/riddle_me_this"
	},		
	"criteria": {
		"first_line": {
			"trigger": "minecraft:location",
			"conditions": {
				"player":  {
					"type_specific": {
						"type": "player",
						"advancements": {
							"minecraft:technical/riddle_first_line": true
						}
					}
				}
			}
		},
		"second_line": {
			"trigger": "minecraft:location",
			"conditions": {
				"player":  {
					"type_specific": {
						"type": "player",
						"advancements": {
							"minecraft:technical/riddle_second_line": true
						}
					}
				}
			}
		},
		"third_line": {
			"trigger": "minecraft:location",
			"conditions": {
				"player":  {
					"type_specific": {
						"type": "player",
						"advancements": {
							"minecraft:technical/riddle_third_line": true
						}
					}
				}
			}
		},
		"fourth_line": {
			"trigger": "minecraft:location",
			"conditions": {
				"player":  {
					"type_specific": {
						"type": "player",
						"advancements": {
							"minecraft:technical/riddle_fourth_line": true
						}
					}
				}
			}
		},
		"fifth_line": {
			"trigger": "minecraft:location",
			"conditions": {
				"player":  {
					"type_specific": {
						"type": "player",
						"advancements": {
							"minecraft:technical/riddle_fifth_line": true
						}
					}
				}
			}
		},
		"sixth_line": {
			"trigger": "minecraft:location",
			"conditions": {
				"player":  {
					"type_specific": {
						"type": "player",
						"advancements": {
							"minecraft:technical/riddle_sixth_line": true
						}
					}
				}
			}
		},
		"seventh_line": {
			"trigger": "minecraft:location",
			"conditions": {
				"player":  {
					"type_specific": {
						"type": "player",
						"advancements": {
							"minecraft:technical/riddle_seventh_line": true
						}
					}
				}
			}
		},
		"eighth_line": {
			"trigger": "minecraft:location",
			"conditions": {
				"player":  {
					"type_specific": {
						"type": "player",
						"advancements": {
							"minecraft:technical/riddle_eighth_line": true
						}
					}
				}
			}
		},
		"ninth_line": {
			"trigger": "minecraft:location",
			"conditions": {
				"player":  {
					"type_specific": {
						"type": "player",
						"advancements": {
							"minecraft:technical/riddle_ninth_line": true
						}
					}
				}
			}
		},
		"tenth_line": {
			"trigger": "minecraft:location",
			"conditions": {
				"player":  {
					"type_specific": {
						"type": "player",
						"advancements": {
							"minecraft:technical/riddle_tenth_line": true
						}
					}
				}
			}
		}
	}
}