{
  "display": {
      "title": {
          "text": "Desafio Hardware",
          "color": "red",
          "bold": true,
          "italic": false,
          "underlined": false,
          "strikethrough": false,
          "obfuscated": false
      },
      "description": {
          "text": "Nem o Zoio conseguiu...",
          "color": "red",
          "bold": false
      },
      "icon": {
          "id": "minecraft:ender_eye"
      },
      "frame": "task",
      "show_toast": false,
      "announce_to_chat": true,
      "hidden": false,
      "background": "minecraft:textures/block/bedrock.png"
  },
  "criteria": {
  	"killed_something": {
  		"trigger": "minecraft:player_killed_entity"
  	},
  	"killed_by_something": {
  		"trigger": "minecraft:entity_killed_player"
  	}
  },
  "requirements": [
  	[
  		"killed_something", 
  		"killed_by_something"
  	]
  ]
}