{
	"display": {
		"icon": {
			"id": "minecraft:leather_helmet",
			"components": {
				"minecraft:dyed_color": 15743786,
				"minecraft:trim": {
					"material": "minecraft:quartz",
					"pattern": "minecraft:tide"
				}
			}
		},
		"title": {"translate":"Caos, A Conquista"},
		"description": {"color":"#FF2A2A","translate":"Invoque com uma diferença de 30 segundo e vença o Dragão, o Whiter e uma Raid ao mesmo tempo sem tomar dano"},
		"announce_to_chat": true,
		"frame": "challenge"
	},
	"parent": "minecraft:desafios/the_world_is_ending",
	"rewards": {
		"function": "minecraft:function/desafios/the_perfect_run"
	},		
	"criteria": {
		"dragon": {
			"trigger": "minecraft:player_killed_entity",
			"conditions": {
				"entity": {
					"type": "ender_dragon"
				},
				"player":  {
					"type_specific": {
						"type": "player",
						"advancements": {
							"minecraft:technical/spawn_perfect_one": true
						}
					}
				}
			}
		},
		"wither": {
			"trigger": "minecraft:player_killed_entity",
			"conditions": {
				"entity": {
					"type": "wither"
				},
				"player":  {
					"type_specific": {
						"type": "player",
						"advancements": {
							"minecraft:technical/spawn_perfect_one": true
						}
					}
				}
			}
		},
		"raid": {
			"trigger": "minecraft:hero_of_the_village",
			"conditions": {
				"player":  {
					"type_specific": {
						"type": "player",
						"advancements": {
							"minecraft:technical/spawn_perfect_one": true
						}
					}
				}
			}
		}
	}
}