{
	"display": {
		"icon": {
			"id": "minecraft:end_stone"
		},
		"title": {"translate":"Raid no Fim"},
		"description": {"color":"#FF2A2A","translate":"Como os Pillagers chegaram aqui?"},
		"announce_to_chat": true,
		"frame": "challenge"
	},
	"parent": "minecraft:desafios/dragon_vs_dragon_ii_electric_boogaloo",
	"rewards": {
		"function": "minecraft:function/desafios/were_in_the_endgame_now"
	},		
	"criteria": {
		"start_raid_end": {
			"trigger": "minecraft:voluntary_exile",
			"conditions": {
				"player":  {
					"location": {
						"dimension": "the_end"
					}
				}
			}
		},	
		"defend_raid_end": {
			"trigger": "minecraft:hero_of_the_village",
			"conditions": {
				"player":  {
					"location": {
						"dimension": "the_end"
					}
				}
			}
		}
	}
}