{
    "display": {
        "icon": {
            "id": "minecraft:diamond_boots"
        },
        "title": {"translate":"W Simulator"},
        "description": {"color":"dark_purple","translate":"Ande 250km"},
        "announce_to_chat": true,
		"frame": "challenge"
    },
    "parent": "minecraft:stats/root",
	"rewards": {
		"function": "minecraft:function/stats/i_enjoy_long_walks_and_playing_minecraft"
    },		
    "criteria": {
		"trigger": {
			"trigger": "minecraft:location",
			"conditions": {
				"player":  {
					"type_specific": {
						"type": "player",
						"stats": [
							{
								"type": "minecraft:custom",
								"stat": "minecraft:walk_one_cm",
								"value": {
									"min": 25000000
								}
							}
						]
					}
				}
			}
		}
	}
}