{
    "display": {
        "icon": {
			"id": "minecraft:enchanted_book",
			"components": {
				"minecraft:enchantment_glint_override": true
			}
		},
        "title": {"translate":"Ficando Velho"},
        "description": {"color":"dark_purple","translate":"Atinja 100 de experiência!"},
        "announce_to_chat": true,
		"frame": "challenge"
    },
    "parent": "minecraft:stats/root",
	"rewards": {
		"function": "minecraft:function/stats/overlevelling"
    },		
    "criteria": {
		"trigger": {
			"trigger": "minecraft:location",
			"conditions": {
				"player":  {
					"type_specific": {
						"type": "player",
						"level": {
							"min": 100
						}
					}
				}
			}
		}
	}
}