{
    "display": {
      "icon": {
        "id": "minecraft:writable_book",
        "count": 1
      },
      "title": {
        "text": "Estatísticas"
      },
      "description": {
        "text": "É maior, é melhor!",
        "color": "green"
      },
      "background": "minecraft:textures/block/loom_side.png",
      "show_toast": false,
      "announce_to_chat": false
    },
    "criteria": {
      "killed_by_something": {
        "trigger": "minecraft:entity_killed_player"
      },
      "killed_something": {
        "trigger": "minecraft:player_killed_entity"
      }
    },
    "requirements": [
      [
        "killed_something",
        "killed_by_something"
      ]
    ],
    "sends_telemetry_event": true
  }
  