{
    "display": {
        "icon": {
            "id": "minecraft:diamond_horse_armor"
        },
        "title": {"translate":"Lampião e Suas Façanhas"},
        "description": {"color":"dark_purple","translate":"Ande 50km em um cavalo"},
        "announce_to_chat": true,
		"frame": "challenge"
    },
    "parent": "minecraft:stats/sheriff_firearm",
	"rewards": {
		"function": "minecraft:function/stats/scourge_of_the_west"
    },		
    "criteria": {
        "trigger": {
            "trigger": "minecraft:location",
			"conditions": {
				"player":  {
					"type_specific": {
						"type": "player",
						"stats": [
							{
								"type": "minecraft:custom",
								"stat": "minecraft:horse_one_cm",
								"value": {
									"min": 5000000
								}
							}
						]
					}
				}
			}
        }
    }
}