{
    "display": {
        "icon": {
            "id": "minecraft:carrot_on_a_stick"
        },
        "title": {"translate":"Rabicó Simulator"},
        "description": {"color":"dark_purple","translate":"Ande 1km em um porco"},
        "announce_to_chat": true,
		"frame": "challenge"
    },
    "parent": "minecraft:stats/scourge_of_the_west",
	"rewards": {
		"function": "minecraft:function/stats/snout_500"
    },		
    "criteria": {
        "trigger": {
            "trigger": "minecraft:location",
			"conditions": {
				"player":  {
					"type_specific": {
						"type": "player",
						"stats": [
							{
								"type": "minecraft:custom",
								"stat": "minecraft:pig_one_cm",
								"value": {
									"min": 100000
								}
							}
						]
					}
				}
			}
        }
    }
}