{
    "display": {
        "icon": {
            "id": "minecraft:chainmail_leggings"
        },
        "title": {"translate":"CTRL W Simulator 2"},
        "description": {"color":"dark_purple","translate":"Corra 250km"},
        "announce_to_chat": true,
		"frame": "challenge"
    },
    "parent": "minecraft:stats/i_enjoy_long_walks_and_playing_minecraft",
	"rewards": {
		"function": "minecraft:function/stats/your_legs_must_be_tired"
    },		
    "criteria": {
        "trigger": {
            "trigger": "minecraft:location",
			"conditions": {
				"player":  {
					"type_specific": {
						"type": "player",
						"stats": [
							{
								"type": "minecraft:custom",
								"stat": "minecraft:sprint_one_cm",
								"value": {
									"min": 25000000
								}
							}
						]
					}
				}
			}
        }
    }
}