{
	"display": {
		"icon": {
			"id": "minecraft:axolotl_bucket"
		},
		"title": {"translate":"Fofos e furiosos"},
		"description": {"color":"green","translate":"Capture um axolote com um balde"},
		"announce_to_chat": true
	},
	"parent": "minecraft:husbandry/tactical_fishing",
	"rewards": {
		"function": "minecraft:function/husbandry/the_cutest_predator"
	},		
	"criteria": {
		"axolotl_bucket": {
			"trigger": "minecraft:filled_bucket",
			"conditions": {
				"item":
				{
					"items": [
						"minecraft:axolotl_bucket"
					]
				}
			}
		}		
	}
}
