{
	"display": {
		"icon": {
			"id": "minecraft:hay_block"
		},
		"title": {"translate":"De dois em dois"},
		"description": {"color":"dark_purple","translate":"Acasale todos os animais!"},
		"announce_to_chat": true,
		"frame": "challenge"
	},
	"parent": "minecraft:husbandry/i_just_want_to_make_toast",
	"rewards": {
		"function": "minecraft:function/husbandry/overpopulation"
	},		
	"criteria": {
		"minecraft:horse": {
		  "trigger": "minecraft:bred_animals",
		  "conditions": {
			"child": {
			  "type": "minecraft:horse"
			}
		  }
		},
		"minecraft:sheep": {
		  "trigger": "minecraft:bred_animals",
		  "conditions": {
			"parent": {
			  "type": "minecraft:sheep"
			}
		  }
		},
		"minecraft:cow": {
		  "trigger": "minecraft:bred_animals",
		  "conditions": {
			"parent": {
			  "type": "minecraft:cow"
			}
		  }
		},
		"minecraft:mooshroom": {
		  "trigger": "minecraft:bred_animals",
		  "conditions": {
			"parent": {
			  "type": "minecraft:mooshroom"
			}
		  }
		},
		"minecraft:pig": {
		  "trigger": "minecraft:bred_animals",
		  "conditions": {
			"parent": {
			  "type": "minecraft:pig"
			}
		  }
		},
		"minecraft:chicken": {
		  "trigger": "minecraft:bred_animals",
		  "conditions": {
			"parent": {
			  "type": "minecraft:chicken"
			}
		  }
		},
		"minecraft:wolf": {
		  "trigger": "minecraft:bred_animals",
		  "conditions": {
			"parent": {
			  "type": "minecraft:wolf"
			}
		  }
		},
		"minecraft:ocelot": {
		  "trigger": "minecraft:bred_animals",
		  "conditions": {
			"parent": {
			  "type": "minecraft:ocelot"
			}
		  }
		},
		"minecraft:rabbit": {
		  "trigger": "minecraft:bred_animals",
		  "conditions": {
			"parent": {
			  "type": "minecraft:rabbit"
			}
		  }
		},
		"minecraft:llama": {
		  "trigger": "minecraft:bred_animals",
		  "conditions": {
			"parent": {
			  "type": "minecraft:llama"
			}
		  }
		},
		"minecraft:turtle": {
		  "trigger": "minecraft:bred_animals",
		  "conditions": {
			"parent": {
			  "type": "minecraft:turtle"
			}
		  }
		},
		"minecraft:cat": {
		  "trigger": "minecraft:bred_animals",
		  "conditions": {
			"parent": {
			  "type": "minecraft:cat"
			}
		  }
		},
		"minecraft:panda": {
		  "trigger": "minecraft:bred_animals",
		  "conditions": {
			"parent": {
			  "type": "minecraft:panda"
			}
		  }
		},
		"minecraft:fox": {
		  "trigger": "minecraft:bred_animals",
		  "conditions": {
			"parent": {
			  "type": "minecraft:fox"
			}
		  }
		},
		"minecraft:bee": {
		  "trigger": "minecraft:bred_animals",
		  "conditions": {
			"parent": {
			  "type": "minecraft:bee"
			}
		  }
		},
		"minecraft:hoglin": {
		  "trigger": "minecraft:bred_animals",
		  "conditions": {
			"parent": {
			  "type": "minecraft:hoglin"
			}
		  }
		},
		"minecraft:strider": {
		  "trigger": "minecraft:bred_animals",
		  "conditions": {
			"parent": {
			  "type": "minecraft:strider"
			}
		  }
		},
		"minecraft:axolotl": {
		  "trigger": "minecraft:bred_animals",
		  "conditions": {
			"parent": {
			  "type": "minecraft:axolotl"
			}
		  }
		},
		"minecraft:goat": {
		  "trigger": "minecraft:bred_animals",
		  "conditions": {
			"parent": {
			  "type": "minecraft:goat"
			}
		  }
		},
		"minecraft:trader_llama": {
		  "trigger": "minecraft:bred_animals",
		  "conditions": {
			"parent": {
			  "type": "minecraft:trader_llama"
			}
		  }
		},
		"minecraft:donkey": {
		  "trigger": "minecraft:bred_animals",
		  "conditions": {
			"child": {
			  "type": "minecraft:donkey"
			}
		  }
		},
		"minecraft:mule": {
		  "trigger": "minecraft:bred_animals",
		  "conditions": {
			"child": {
			  "type": "minecraft:mule"
			}
		  }
		},
		"minecraft:frog": {
		  "trigger": "minecraft:bred_animals",
		  "conditions": {
			"parent": {
			  "type": "minecraft:frog"
			}
		  }
		},
		"minecraft:camel": {
		  "trigger": "minecraft:bred_animals",
		  "conditions": {
			"parent": {
			  "type": "minecraft:camel"
			}
		  }
		},
		"minecraft:sniffer": {
			"trigger": "minecraft:bred_animals",
			"conditions": {
			  "parent": {
				"type": "minecraft:sniffer"
			  }
			}
		  },
		  "minecraft:armadillo": {
			"trigger": "minecraft:bred_animals",
			"conditions": {
			  "parent": {
				"type": "minecraft:armadillo"
			  }
			}
		  }
		}
	  }