{
	"display": {
		"icon": {
			"id": "minecraft:armadillo_scute"
		},
		"title": {"translate":"Serviu a carapaça?"},
		"description": {"color":"green","translate":"Obtenha as escamas de um tatu com um pincel"},
		"announce_to_chat": true
	},
	"parent": "minecraft:animal/root",
	"rewards": {
		"function": "minecraft:function/husbandry/isnt_it_scute"
	},
	"criteria": {
		"brush_armadillo": {
			"trigger": "minecraft:player_interacted_with_entity",
			"conditions": {
				"entity": [
					{
						"condition": "minecraft:entity_properties",
						"entity": "this",
						"predicate": {
							"type": "minecraft:armadillo"
						}
					}
				],
				"item": {
					"items": "minecraft:brush"
				}
			}
		}
	}
}