{
	"display": {
		"icon": {
			"id": "minecraft:torchflower_seeds"
		},
		"title": {"translate":"Aromas"},
		"description": {"color":"green","translate":"Alimente um filhote de farejador"},
		"announce_to_chat": true,
		"hidden": true
	},
	"parent": "minecraft:husbandry/obtain_sniffer_egg",
	"rewards": {
		"function": "minecraft:function/husbandry/little_sniffs"
	},
	"criteria": {
		"feed_snifflet": {
			"trigger": "minecraft:player_interacted_with_entity",
			"conditions": {
				"item": {
					"tag": "#minecraft:sniffer_food"
				},
				"entity": [
					{
						"condition": "minecraft:entity_properties",
						"entity": "this",
						"predicate": {
							"type": "minecraft:sniffer",
							"flags": {
								"is_baby": true
							}
						}
					}
				]
			}
		}
	}
}