{
	"display": {
		"icon": {
			"id": "minecraft:fishing_rod"
		},
		"title": {"translate":"O mar está para peixe"},
		"description": {"color":"green","translate":"Pegue um peixe"},
		"announce_to_chat": true
	},
	"parent": "minecraft:husbandry/root",
	"rewards": {
		"function": "minecraft:function/husbandry/fishy_business"
	},		
	"criteria": {
		"cod": {
			"trigger": "minecraft:fishing_rod_hooked",
			"conditions": {
				"item":
				{
					"items": [
						"minecraft:cod"
					]
				}
			}
		},
		"salmon": {
			"trigger": "minecraft:fishing_rod_hooked",
			"conditions": {
				"item":
				{
					"items": [
						"minecraft:salmon"
					]
				}
			}
		},
		"pufferfish": {
			"trigger": "minecraft:fishing_rod_hooked",
			"conditions": {
				"item":
				{
					"items": [
						"minecraft:pufferfish"
					]
				}
			}
		},
		"tropical_fish": {
			"trigger": "minecraft:fishing_rod_hooked",
			"conditions": {
				"item":
				{
					"items": [
						"minecraft:tropical_fish"
					]
				}
			}
		}		
	},
	"requirements": [
		[
		"cod",
		"salmon",
		"pufferfish",
		"tropical_fish"
		]
	]
}
