{
	"display": {
		"icon": {
			"id": "minecraft:verdant_froglight"
		},
		"title": {"translate":"União tricolor!"},
		"description": {"color":"dark_purple","translate":"Tenha todos os anfibrilhos no inventário"},
		"announce_to_chat": true,
		"frame": "challenge"
	},
	"parent": "minecraft:husbandry/leash_all_frog_variants",
	"rewards": {
		"function": "minecraft:function/husbandry/incandescent"
	},		
	"criteria": {
		"froglights": {
		  "conditions": {
			"items": [
			  {
				"items": [
				  "minecraft:ochre_froglight"
				]
			  },
			  {
				"items": [
				  "minecraft:pearlescent_froglight"
				]
			  },
			  {
				"items": [
				  "minecraft:verdant_froglight"
				]
			  }
			]
		  },
		  "trigger": "minecraft:inventory_changed"
		}
	}
}