{
    "display": {
        "icon": {
            "id": "minecraft:rabbit_spawn_egg"
        },
        "title": {"translate":"Transmutação de DNA"},
        "description": {"color":"green","translate":"Nomeie um coelho de 'Toast'"},
        "announce_to_chat": true
    },
    "parent": "minecraft:husbandry/tame_an_animal",
	"rewards": {
		"function": "minecraft:function/husbandry/i_just_want_to_make_toast"
    },		
    "criteria": {
		"name_tag": {
			"trigger": "minecraft:impossible",
			"conditions": {
				"item": {
					"items": [
						"minecraft:name_tag"
					],
					"components": {
						"minecraft:custom_name": "\"Toast\""
					}
				},
				"entity": [
					{
						"condition": "minecraft:entity_properties",
						"predicate": {
							"type": "minecraft:rabbit"
						},
						"entity": "this"
					}
				]
			}
		},
		"name_tag_old": {
			"trigger": "minecraft:impossible",
			"conditions": {
				"item": {
					"items": [
						"minecraft:name_tag"
					],
					"nbt": "{display:{Name:\"{\\\"text\\\":\\\"Toast\\\"}\"}}"
				},
				"entity": [
					{
						"condition": "minecraft:entity_properties",
						"predicate": {
							"type": "minecraft:rabbit"
						},
						"entity": "this"
					}
				]
			}
		}
	},
	"requirements": [
		[
			"name_tag",
			"name_tag_old"
		]
	]
}