{
	"display": {
		"icon": {
			"id": "minecraft:blue_ice"
		},
		"title": {"translate":"O Iceologer deveria ter ganho"},
		"description": {"color":"dark_purple","translate":"Mate 100 Glow Squids"},
		"announce_to_chat": true,
		"frame": "challenge"
	},
	"parent": "minecraft:husbandry/make_a_sign_glow",
	"rewards": {
		"function": "minecraft:function/husbandry/iceologer_shouldve_won"
	},		
	"criteria": {
		"kill_100_glow_squids": {
			"trigger": "minecraft:location",
			"conditions": {
				"player":  {
					"type_specific": {
						"type": "player",
						"stats": [
							{
								"type": "minecraft:killed",
								"stat": "minecraft:glow_squid",
								"value": {
									"min": 100
								}
							}
						]
					}
				}
			}
		}
	}
}