{
	"display": {
		"icon": {
			"id": "minecraft:slime_ball"
		},
		"title": {"translate":"Acho Que Vou Vomitar"},
		"description": {"color":"dark_purple","translate":"Tome todas as Sopas Suspeitas (Exceto a de Morcego, de preferência)"},
		"announce_to_chat": true,
		"frame": "challenge"
	},
	"parent": "minecraft:husbandry/ultra_hardcore",
	"rewards": {
		"function": "minecraft:function/husbandry/im_gonna_be_sick"
	},		
	"criteria": {
		"oxeye_daisy_stew": {
			"trigger": "minecraft:consume_item",
			"conditions": {
				"item": {
					"items": [
						"minecraft:suspicious_stew"
					],
					"components": {
						"minecraft:suspicious_stew_effects": [
							{
								"id": "minecraft:regeneration"
							}
						]
					}
				}
			}
		},
		"cornflower_stew": {
			"trigger": "minecraft:consume_item",
			"conditions": {
				"item": {
					"items": [
						"minecraft:suspicious_stew"
					],
					"components": {
						"minecraft:suspicious_stew_effects": [
							{
								"id": "minecraft:jump_boost",
								"duration": 120
							}
						]
					}
				}
			}
		},
		"lily_of_the_valley_stew": {
			"trigger": "minecraft:consume_item",
			"conditions": {
				"item": {
					"items": [
						"minecraft:suspicious_stew"
					],
					"components": {
						"minecraft:suspicious_stew_effects": [
							{
								"id": "minecraft:poison",
								"duration": 240
							}
						]
					}
				}
			}
		},
		"wither_rose_stew": {
			"trigger": "minecraft:consume_item",
			"conditions": {
				"item": {
					"items": [
						"minecraft:suspicious_stew"
					],
					"components": {
						"minecraft:suspicious_stew_effects": [
							{
								"id": "minecraft:wither"
							}
						]
					}
				}
			}
		},
		"tulip_stew": {
			"trigger": "minecraft:consume_item",
			"conditions": {
				"item": {
					"items": [
						"minecraft:suspicious_stew"
					],
					"components": {
						"minecraft:suspicious_stew_effects": [
							{
								"id": "minecraft:weakness",
								"duration": 180
							}
						]
					}
				}
			}
		},
		"azure_bluet_stew": {
			"trigger": "minecraft:consume_item",
			"conditions": {
				"item": {
					"items": [
						"minecraft:suspicious_stew"
					],
					"components": {
						"minecraft:suspicious_stew_effects": [
							{
								"id": "minecraft:blindness"
							}
						]
					}
				}
			}
		},
		"allium_stew": {
			"trigger": "minecraft:consume_item",
			"conditions": {
				"item": {
					"items": [
						"minecraft:suspicious_stew"
					],
					"components": {
						"minecraft:suspicious_stew_effects": [
							{
								"id": "minecraft:fire_resistance",
								"duration": 80
							}
						]
					}
				}
			}
		},		
		"blue_orchid_dandelion_stew": {
			"trigger": "minecraft:consume_item",
			"conditions": {
				"item": {
					"items": [
						"minecraft:suspicious_stew"
					],
					"components": {
						"minecraft:suspicious_stew_effects": [
							{
								"id": "minecraft:saturation",
								"duration": 7
							}
						]
					}
				}
			}
		},
		"poppy_stew": {
			"trigger": "minecraft:consume_item",
			"conditions": {
				"item": {
					"items": [
						"minecraft:suspicious_stew"
					],
					"components": {
						"minecraft:suspicious_stew_effects": [
							{
								"id": "minecraft:night_vision",
								"duration": 100
							}
						]
					}
				}
			}
		}
	}
}