{
	"display": {
		"icon": {
			"id": "minecraft:trident"
		},
		"title": {"translate":"A união faz a força"},
		"description": {"color":"green","translate":"Junte-se a um axolote e ganhe uma batalha"},
		"announce_to_chat": true
	},
	"parent": "minecraft:husbandry/axolotl_in_a_bucket",
	"rewards": {
		"function": "minecraft:function/husbandry/the_healing_power_of_friendship"
	},		
	"criteria": {
		"kill_axolotl_target": {
			"trigger": "minecraft:effects_changed",
			"conditions": {
				"source": [
					{
						"condition": "minecraft:entity_properties",
						"predicate": {
							"type": "minecraft:axolotl"
						},
						"entity": "this"
					}
				]
			}
		}
	}
}
