{
	"display": {
		"icon": {
			"id": "minecraft:warped_sign"
		},
		"title": {"translate":"Brilhe e admire!"},
		"description": {"color":"green","translate":"Faça o texto de uma placa brilhar"},
		"announce_to_chat": true
	},
	"parent": "minecraft:husbandry/cephalight",
	"rewards": {
		"function": "minecraft:function/husbandry/glow_and_behold"
	},		
	"criteria": {
		"glow_ink_sac": {
			"trigger": "minecraft:item_used_on_block",
			"conditions": {
				"location": [
					{
						"condition": "minecraft:match_tool",
						"predicate": {
							"items": [
								"minecraft:glow_ink_sac"
							]
						}
					},
					{
						"condition": "minecraft:location_check",
						"predicate": {
							"block": {
								"tag": "#minecraft:all_signs"
							}
						}
					}
				]
			}
		}
	}	
}