{
    "display": {
        "icon": {
            "id": "minecraft:cookie"
        },
        "title": {"translate":"Tem Mais Cookies?"},
        "description": {"color":"green","translate":"Coma Cookies (Roube Cookies da Bella)"},
        "announce_to_chat": true
    },
    "parent": "minecraft:husbandry/plant_seed",
	"rewards": {
		"function": "minecraft:function/husbandry/me_love_cookie"
    },		
    "criteria": {
        "cookie": {
            "trigger": "minecraft:consume_item",
            "conditions": {
                "item": {
					"items": [
						"minecraft:cookie"
					]
                }
            }
        }
    }
}