{
	"display": {
		"icon": {
			"id": "minecraft:magenta_wool"
		},
		"title": {"translate":"Ovelha Lgbtqia+"},
		"description": {"color":"green","translate":"Nomeie uma ovelha para jeb_"},
		"announce_to_chat": true
	},
	"parent": "minecraft:husbandry/live_and_let_dye",
	"rewards": {
		"function": "minecraft:function/husbandry/nyan_sheep"
	},		
	"criteria": {
		"name_tag": {
			"trigger": "minecraft:impossible",
			"conditions": {
				"item": {
					"items": [
						"minecraft:name_tag"
					],
					"nbt": "{display:{Name:\'\"jeb_\"\'}}"
				},
				"entity": [
					{
						"condition": "minecraft:entity_properties",
						"predicate": {
							"type": "minecraft:sheep"
						},
						"entity": "this"
					}
				]
			}
		},
		"name_tag_old": {
			"trigger": "minecraft:impossible",
			"conditions": {
				"item": {
					"items": [
						"minecraft:name_tag"
					],
					"nbt": "{display:{Name:\"{\\\"text\\\":\\\"jeb_\\\"}\"}}"
				},
				"entity": [
					{
						"condition": "minecraft:entity_properties",
						"predicate": {
							"type": "minecraft:sheep"
						},
						"entity": "this"
					}
				]
			}
		}
	},
	"requirements": [
		[
			"name_tag",
			"name_tag_old"
		]
	]
}