{
	"display": {
		"icon": {
			"id": "minecraft:diamond_hoe"
		},
		"title": {"translate":"It's not about the diamonds"},
		"description": {"color":"dark_purple","translate":"It's about sending a message"},
		"announce_to_chat": true,
		"frame": "challenge"
	},
	"parent": "minecraft:husbandry/plant_seed",
	"rewards": {
		"function": "minecraft:function/husbandry/break_diamond_hoe"
	},	
	"criteria": {
		"netherite_hoe": {
			"trigger": "minecraft:inventory_changed",
			"conditions": {
				"items": [
					{
						"items": [
							"minecraft:diamond_hoe"
						]
					}
				]
			}
		}
	}
}
