{
	"display": {
		"icon": {
			"id": "minecraft:netherite_hoe"
		},
		"title": {"translate":"Dedicação exclusiva"},
		"description": {"color":"dark_purple","translate":"Use uma barra de netherita para melhorar uma enxada e reflita sobre as suas escolhas de vida"},
		"announce_to_chat": true,
		"frame": "challenge"
	},
	"parent": "minecraft:husbandry/obtain_diamond_hoe",
	"rewards": {
		"function": "minecraft:function/husbandry/serious_dedication"
	},	
	"criteria": {
		"netherite_hoe": {
			"trigger": "minecraft:inventory_changed",
			"conditions": {
				"items": [
					{
						"items": [
							"minecraft:netherite_hoe"
						]
					}
				]
			}
		}
	}
}
