{
	"display": {
		"icon": {
			"id": "minecraft:sniffer_egg"
		},
		"title": {"translate":"Cheirim bão"},
		"description": {"color":"green","translate":"Obtenha um ovo de farejador"},
		"announce_to_chat": true
	},
	"parent": "minecraft:husbandry/root",
	"rewards": {
		"function": "minecraft:function/husbandry/life_uhh_finds_a_way"
	},
	"criteria": {
		"obtain_sniffer_egg": {
			"trigger": "minecraft:inventory_changed",
			"conditions": {
				"items": [
					{
						"items": [
							"minecraft:sniffer_egg"
						]
					}
				]
			}
		}
	}
}