{
	"display": {
		"icon": {
			"id": "minecraft:wolf_armor"
		},
		"title": {"translate":"Novinho em folha"},
		"description": {"color":"green","translate":"Repare uma armadura de lobo danificada com escamas de tatu"},
		"announce_to_chat": true
	},
	"parent": "minecraft:adventure/brush_armadillo",
	"rewards": {
		"function": "minecraft:function/husbandry/good_as_new"
	},
	"criteria": {
		"repair_wolf_armor": {
			"trigger": "minecraft:player_interacted_with_entity",
			"conditions": {
				"entity": [
					{
						"condition": "minecraft:entity_properties",
						"entity": "this",
						"predicate": {
							"type": "minecraft:wolf",
							"equipment": {
								"body": {
									"items": "minecraft:wolf_armor",
									"components": {
										"minecraft:damage": 0
									}
								}
							}
						}
					}
				],
				"item": {
					"items": "minecraft:armadillo_scute"
				}
			}
		}
	}
}