{
	"display": {
		"icon": {
			"id": "minecraft:birch_boat"
		},
		"title": {"translate":"Cabra à vista!"},
		"description": {"color":"green","translate":"Entre num bote com uma cabra"},
		"announce_to_chat": true
	},
	"parent": "minecraft:husbandry/root",
	"rewards": {
		"function": "minecraft:function/husbandry/whatever_floats_your_goat"
	},		
	"criteria": {
		"ride_a_boat_with_a_goat": {
			"trigger": "minecraft:started_riding",
			"conditions": {
				"player": [
					{
						"condition": "minecraft:entity_properties",
						"predicate": {
							"vehicle": {
								"type": "minecraft:boat",
								"passenger": {
									"type": "minecraft:goat"
								}
							}
						},
						"entity": "this"
					}
				]
			}
		}
	}
}
