{
	"display": {
		"icon": {
			"id": "minecraft:campfire"
		},
		"title": {"translate":"Seja mel convidado"},
		"description": {"color":"green","translate":"Faça uma fogueira para coletar mel de uma colmeia com um frasco, sem irritar as abelhas"},
		"announce_to_chat": true
	},
	"parent": "minecraft:husbandry/root",
	"rewards": {
		"function": "minecraft:function/husbandry/bee_our_guest"
	},
	"criteria": {
		"safely_harvest_honey": {
			"trigger": "minecraft:item_used_on_block",
			"conditions": {
				"location": [
					{
						"condition": "minecraft:location_check",
						"predicate": {
							"smokey": true,
							"block": {
								"tag": "#minecraft:beehives"
							}
						}
					},
					{
						"condition": "minecraft:match_tool",
						"predicate": {
							"items": [
								"minecraft:glass_bottle"
							]
						}
					}
				]
			}
		}
	}
}