{
	"display": {
		"icon": {
			"id": "minecraft:pufferfish_bucket"
		},
		"title": {"translate":"Pesca Tática"},
		"description": {"color":"green","translate":"Capture um peixe, sem uma vara de pesca!"},
		"announce_to_chat": true
	},
	"parent": "minecraft:husbandry/fishy_business",
	"rewards": {
		"function": "minecraft:function/husbandry/tactical_fishing"
	},		
	"criteria": {
		"cod_bucket": {
			"trigger": "minecraft:filled_bucket",
			"conditions": {
				"item":
				{
					"items": [
						"minecraft:cod_bucket"
					]
				}
			}
		},
		"salmon_bucket": {
			"trigger": "minecraft:filled_bucket",
			"conditions": {
				"item":
				{
					"items": [
						"minecraft:salmon_bucket"
					]
				}
			}
		},
		"pufferfish_bucket": {
			"trigger": "minecraft:filled_bucket",
			"conditions": {
				"item":
				{
					"items": [
						"minecraft:pufferfish_bucket"
					]
				}
			}
		},
		"tropical_fish_bucket": {
			"trigger": "minecraft:filled_bucket",
			"conditions": {
				"item":
				{
					"items": [
						"minecraft:tropical_fish_bucket"
					]
				}
			}
		}		
	},
	"requirements": [
		[
		"cod_bucket",
		"salmon_bucket",
		"pufferfish_bucket",
		"tropical_fish_bucket"
		]
	]
}
