{
	"display": {
		"icon": {
			"id": "minecraft:tadpole_bucket"
		},
		"title": {"translate":"Coaxa d'água"},
		"description": {"color":"green","translate":"Capture um girino com um balde"},
		"announce_to_chat": true
	},
	"parent": "minecraft:husbandry/root",
	"rewards": {
		"function": "minecraft:function/husbandry/bukkit_bukkit"
	},		
	"criteria": {
		"tadpole_bucket": {
			"trigger": "minecraft:filled_bucket",
			"conditions": {
				"item":
				{
					"items": [
						"minecraft:tadpole_bucket"
					]
				}
			}
		}		
	}
}
