{
	"display": {
		"icon": {
			"id": "minecraft:pitcher_pod"
		},
		"title": {"translate":"Quase um porco procurando trufa"},
		"description": {"color":"green","translate":"Faça com que um farejador desenterre sementes"},
		"announce_to_chat": true
	},
	"parent": "minecraft:husbandry/obtain_sniffer_egg",
	"rewards": {
		"function": "minecraft:function/husbandry/truffle_worm"
	},		
	"criteria": {
		"torchflower_seeds": {
			"trigger": "minecraft:inventory_changed",
			"conditions": {
				"items": [
					{
						"items": [
							"minecraft:torchflower_seeds",
							"minecraft:pitcher_pod"
						]
					}
				]
			}
		}
	}
}