{
	"display": {
		"icon": {
			"item": "minecraft:dragon_breath"
		},
		"title": {"translate":"Aceita uma pastilha?"},
		"description": {"color":"green","translate":"Recolha o bafo do dragão num frasco de vidro"},
		"announce_to_chat": "true",
		"frame": "goal"
	},
	"parent": "minecraft:end/root",
	"rewards": {
		"function": "bc_rewards:potion/you_need_a_mint"
	},	
	"criteria": {
		"dragon_breath": {
			"trigger": "minecraft:inventory_changed",
			"conditions": {
				"items": [
					{
						"items": [
							"minecraft:dragon_breath"
						]
					}
				]
			}
		}
	}
}