{
    "display": {
        "icon": {
            "item": "minecraft:firework_rocket"
        },
        "title": {"translate":"Uh, Houston? Temos um Problema"},
        "description": {"color":"dark_purple","translate":"Voe a uma Altitude de 1.000 blocos!"},
        "announce_to_chat": "true",
        "frame": "challenge"
    },
    "parent": "minecraft:end/sky_high",
    "rewards": {
        "function": "bc_rewards:end/uh_houston_we_have_a_problem"
    },		
	"criteria": {
		"world_height": {
			"trigger": "minecraft:location",
			"conditions": {
				"player": [
					{
						"condition": "minecraft:entity_properties",
						"entity": "this",
						"predicate": {
							"location": {
								"position": {
									"y": {
										"min": 1000.0
									}
								}
							}
						}
					},
					{
						"condition": "minecraft:inverted",
						"term": {
							"condition": "minecraft:entity_properties",
							"entity": "this",
							"predicate": {
								"type_specific": {
									"type": "player",
									"gamemode": "spectator"
								}
							}
						}
					}
				]
			}
		}	
	}
}