{
	"display": {
		"icon": {
			"item": "minecraft:cookie"
		},
		"title": {"translate":"Amigo, estou aqui"},
		"description": {"color":"green","translate":"Receba um item de um allay"},
		"announce_to_chat": "true"
	},
	"parent": "minecraft:husbandry/root",
	"rewards": {
		"function": "bc_rewards:adventure/youve_got_a_friend_in_me"
	},		
	"criteria": {
		"allay_deliver_item_to_player": {
			"trigger": "minecraft:thrown_item_picked_up_by_player",
			"conditions": {
				"entity": [
					{
						"condition": "minecraft:entity_properties",
						"entity": "this",
						"predicate": {
							"type": "minecraft:allay"
						}
					}
				]
			}
		}
	}
}
