{
	"display": {
		"icon": {
			"item": "minecraft:mangrove_fence"
		},
		"title": {"translate":"Zoologico"},
		"description": {"color":"dark_purple","translate":"Traga um de cada tipo de animal para um lugar (tenha todos eles dentro de 32 blocos de você)"},
		"announce_to_chat": "true",
		"frame": "challenge"
	},
	"parent": "minecraft:husbandry/bred_all_animals",
	"rewards": {
		"function": "bc_rewards:animal/animal_kingdom"
	},		
	"criteria": {
		"animal_kingdom": {
			"trigger": "minecraft:impossible"
		}
	}
}