{
    "display": {
        "icon": {
            "item": "minecraft:glow_squid_spawn_egg"
        },
        "title": {"translate":"VALEU A PENA!"},
        "description": {"color":"green","translate":"Mate uma Glow Squid"},
        "announce_to_chat": "true"
    },
    "parent": "minecraft:husbandry/root",
    "rewards": {
        "function": "bc_rewards:animal/cephalight"
    },		
    "criteria": {
        "glow_squid": {
            "trigger": "minecraft:player_killed_entity",
            "conditions": {
                "entity": {
                    "type": "glow_squid"
                }
            }
        }
    }
}