{
	"display": {
		"icon": {
			"item": "minecraft:cod"
		},
		"title": {"translate":"Um gatálogo completo"},
		"description": {"color":"dark_purple","translate":"Domestique todos os tipos de gatos!"},
		"announce_to_chat": "true",
		"frame": "challenge"
	},
	"parent": "minecraft:husbandry/tame_an_animal",
	"rewards": {
		"function": "bc_rewards:adventure/a_complete_catalogue"
	},	
  "criteria": {
    "minecraft:black": {
		"trigger": "minecraft:tame_animal",
		"conditions": {
		  "entity": [
			{
			  "condition": "minecraft:entity_properties",
			  "predicate": {
				"type_specific": {
				  "variant": "minecraft:black",
				  "type": "cat"
				}
			  },
			  "entity": "this"
			}
		  ]
		}
	  },
	  "minecraft:tabby": {
		"trigger": "minecraft:tame_animal",
		"conditions": {
		  "entity": [
			{
			  "condition": "minecraft:entity_properties",
			  "predicate": {
				"type_specific": {
				  "variant": "minecraft:tabby",
				  "type": "cat"
				}
			  },
			  "entity": "this"
			}
		  ]
		}
	  },
	  "minecraft:ragdoll": {
		"trigger": "minecraft:tame_animal",
		"conditions": {
		  "entity": [
			{
			  "condition": "minecraft:entity_properties",
			  "predicate": {
				"type_specific": {
				  "variant": "minecraft:ragdoll",
				  "type": "cat"
				}
			  },
			  "entity": "this"
			}
		  ]
		}
	  },
	  "minecraft:british_shorthair": {
		"trigger": "minecraft:tame_animal",
		"conditions": {
		  "entity": [
			{
			  "condition": "minecraft:entity_properties",
			  "predicate": {
				"type_specific": {
				  "variant": "minecraft:british_shorthair",
				  "type": "cat"
				}
			  },
			  "entity": "this"
			}
		  ]
		}
	  },
	  "minecraft:white": {
		"trigger": "minecraft:tame_animal",
		"conditions": {
		  "entity": [
			{
			  "condition": "minecraft:entity_properties",
			  "predicate": {
				"type_specific": {
				  "variant": "minecraft:white",
				  "type": "cat"
				}
			  },
			  "entity": "this"
			}
		  ]
		}
	  },
	  "minecraft:persian": {
		"trigger": "minecraft:tame_animal",
		"conditions": {
		  "entity": [
			{
			  "condition": "minecraft:entity_properties",
			  "predicate": {
				"type_specific": {
				  "variant": "minecraft:persian",
				  "type": "cat"
				}
			  },
			  "entity": "this"
			}
		  ]
		}
	  },
	  "minecraft:calico": {
		"trigger": "minecraft:tame_animal",
		"conditions": {
		  "entity": [
			{
			  "condition": "minecraft:entity_properties",
			  "predicate": {
				"type_specific": {
				  "variant": "minecraft:calico",
				  "type": "cat"
				}
			  },
			  "entity": "this"
			}
		  ]
		}
	  },
	  "minecraft:siamese": {
		"trigger": "minecraft:tame_animal",
		"conditions": {
		  "entity": [
			{
			  "condition": "minecraft:entity_properties",
			  "predicate": {
				"type_specific": {
				  "variant": "minecraft:siamese",
				  "type": "cat"
				}
			  },
			  "entity": "this"
			}
		  ]
		}
	  },
	  "minecraft:all_black": {
		"trigger": "minecraft:tame_animal",
		"conditions": {
		  "entity": [
			{
			  "condition": "minecraft:entity_properties",
			  "predicate": {
				"type_specific": {
				  "variant": "minecraft:all_black",
				  "type": "cat"
				}
			  },
			  "entity": "this"
			}
		  ]
		}
	  },
	  "minecraft:jellie": {
		"trigger": "minecraft:tame_animal",
		"conditions": {
		  "entity": [
			{
			  "condition": "minecraft:entity_properties",
			  "predicate": {
				"type_specific": {
				  "variant": "minecraft:jellie",
				  "type": "cat"
				}
			  },
			  "entity": "this"
			}
		  ]
		}
	  },
	  "minecraft:red": {
		"trigger": "minecraft:tame_animal",
		"conditions": {
		  "entity": [
			{
			  "condition": "minecraft:entity_properties",
			  "predicate": {
				"type_specific": {
				  "variant": "minecraft:red",
				  "type": "cat"
				}
			  },
			  "entity": "this"
			}
		  ]
		}
	  }
  }
}
