{
	"display": {
		"icon": {
			"item": "minecraft:verdant_froglight"
		},
		"title": {"translate":"Incandenscente!"},
		"description": {"color":"#75E1FF","translate":"Ilumine uma area com as três lanternas de sapos, porque isso é possivel aparentemente"},
		"announce_to_chat": "true",
		"frame": "goal"
	},
	"parent": "minecraft:husbandry/leash_all_frog_variants",
	"rewards": {
		"function": "bc_rewards:building/incandescent"
	},		
	"criteria": {
		"verdant_froglight": {
			"trigger": "minecraft:placed_block",
			"conditions": {
				"location": [
					{
						"condition": "minecraft:location_check",
						"predicate": {
							"block": {
								"blocks": [
									"minecraft:verdant_froglight"
								]
							}
						}
					}
				]
			}
		},
		"ochre_froglight": {
			"trigger": "minecraft:placed_block",
			"conditions": {
				"location": [
					{
						"condition": "minecraft:location_check",
						"predicate": {
							"block": {
								"blocks": [
									"minecraft:ochre_froglight"
								]
							}
						}
					}
				]
			}
		},
		"pearlescent_froglight": {
			"trigger": "minecraft:placed_block",
			"conditions": {
				"location": [
					{
						"condition": "minecraft:location_check",
						"predicate": {
							"block": {
								"blocks": [
									"minecraft:pearlescent_froglight"
								]
							}
						}
					}
				]
			}
		}
	}
}