{
    "display": {
        "icon": {
            "item": "minecraft:goat_spawn_egg"
        },
        "title": {"translate":"Eramos amigos até que..."},
        "description": {"translate":"Morra Por Uma Cabra"},
        "announce_to_chat": "true"

    },
    "parent": "minecraft:husbandry/ride_a_boat_with_a_goat",
    "rewards": {
        "function": "bc_rewards:animal/goat_simulator"
    },		
    "criteria": {
        "goat": {
            "trigger": "minecraft:entity_killed_player",
            "conditions": {
                "entity": {
                    "type": "goat"
                }
            }
        }
    }
}