{
	"display": {
		"icon": {
			"item": "minecraft:slime_ball"
		},
		"title": {"translate":"Acho Que Vou Vomitar"},
		"description": {"color":"dark_purple","translate":"Tome todas as Sopas Suspeitas (Exceto a de Morcego, de preferência)"},
		"announce_to_chat": "true",
		"frame": "goal"
	},
	"parent": "minecraft:husbandry/ultra_hardcore",
	"rewards": {
		"function": "bc_rewards:farming/im_gonna_be_sick"
	},		
	"criteria": {
		"oxeye_daisy_stew": {
			"trigger": "minecraft:consume_item",
			"conditions": {
				"item": {
					"items": [
						"minecraft:suspicious_stew"
					],
					"nbt": "{Effects:[{EffectId:10}]}"
				}
			}
		},
		"cornflower_stew": {
			"trigger": "minecraft:consume_item",
			"conditions": {
				"item": {
					"items": [
						"minecraft:suspicious_stew"
					],
					"nbt": "{Effects:[{EffectId:8}]}"
				}
			}
		},
		"lily_of_the_valley_stew": {
			"trigger": "minecraft:consume_item",
			"conditions": {
				"item": {
					"items": [
						"minecraft:suspicious_stew"
					],
					"nbt": "{Effects:[{EffectId:19}]}"
				}
			}
		},
		"wither_rose_stew": {
			"trigger": "minecraft:consume_item",
			"conditions": {
				"item": {
					"items": [
						"minecraft:suspicious_stew"
					],
					"nbt": "{Effects:[{EffectId:20}]}"
				}
			}
		},
		"tulip_stew": {
			"trigger": "minecraft:consume_item",
			"conditions": {
				"item": {
					"items": [
						"minecraft:suspicious_stew"
					],
					"nbt": "{Effects:[{EffectId:18}]}"
				}
			}
		},
		"azure_bluet_stew": {
			"trigger": "minecraft:consume_item",
			"conditions": {
				"item": {
					"items": [
						"minecraft:suspicious_stew"
					],
					"nbt": "{Effects:[{EffectId:15}]}"
				}
			}
		},
		"allium_stew": {
			"trigger": "minecraft:consume_item",
			"conditions": {
				"item": {
					"items": [
						"minecraft:suspicious_stew"
					],
					"nbt": "{Effects:[{EffectId:12}]}"
				}
			}
		},		
		"blue_orchid_dandelion_stew": {
			"trigger": "minecraft:consume_item",
			"conditions": {
				"item": {
					"items": [
						"minecraft:suspicious_stew"
					],
					"nbt": "{Effects:[{EffectId:23}]}"
				}
			}
		},
		"poppy_stew": {
			"trigger": "minecraft:consume_item",
			"conditions": {
				"item": {
					"items": [
						"minecraft:suspicious_stew"
					],
					"nbt": "{Effects:[{EffectId:16}]}"
				}
			}
		}
	}
}