{
	"display": {
		"icon": {
			"item": "minecraft:magenta_wool"
		},
		"title": {"translate":"Ovelha Lgbtqia+"},
		"description": {"color":"green","translate":"Nomeie uma ovelha para jeb_"},
		"announce_to_chat": "true"
	},
	"parent": "minecraft:husbandry/live_and_let_dye",
	"rewards": {
		"function": "bc_rewards:adventure/nyan_sheep"
	},		
	"criteria": {
		"name_tag": {
			"trigger": "minecraft:player_interacted_with_entity",
			"conditions": {
				"item": {
					"items": [
						"minecraft:name_tag"
					],
					"nbt": "{display:{Name:\"{\\\"text\\\":\\\"jeb_\\\"}\"}}"
				},
				"entity": [
					{
						"condition": "minecraft:entity_properties",
						"predicate": {
							"type": "minecraft:sheep"
						},
						"entity": "this"
					}
				]
			}
		}
	}
}
