{
	"display": {
		"icon": {
			"item": "minecraft:netherite_hoe"
		},
		"title": {"translate":"Dedicação exclusiva"},
		"description": {"color":"dark_purple","translate":"Faça uma enxada de netherite"},
		"announce_to_chat": "true",
		"frame": "challenge"
	},
	"parent": "minecraft:husbandry/obtain_diamond_hoe",
	"rewards": {
		"function": "bc_rewards:farming/serious_dedication"
	},	
	"criteria": {
		"netherite_hoe": {
			"trigger": "minecraft:inventory_changed",
			"conditions": {
				"items": [
					{
						"items": [
							"minecraft:netherite_hoe"
						]
					}
				]
			}
		}
	}
}
