{
	"display": {
		"icon": {
			"item": "minecraft:torchflower"
		},
		"title": {"translate":"Paleobotânico"},
		"description": {"color":"green","translate":"Plante uma semente de um farejador"},
		"announce_to_chat": "true"
	},
	"parent": "minecraft:husbandry/feed_snifflet",
	"rewards": {
		"function": "bc_rewards:adventure/planting_the_past"
	},
	"criteria": {
		"pitcher_pod": {
			"trigger": "minecraft:placed_block",
			"conditions": {
				"location": [
					{
						"condition": "minecraft:location_check",
						"predicate": {
							"block": {
								"blocks": [
									"minecraft:pitcher_crop",
									"minecraft:torchflower_crop"
								]
							}
						}
					}
				]
			}
		}
	}
}