{
    "display": {
        "icon": {
            "item": "minecraft:scute"
        },
        "title": {"translate":"Duas Horas Depois..."},
        "description": {"translate":"Colete a Carapaça de Uma Tartaruga Bebê Quando Ela Crescer"},
        "announce_to_chat": "true"
    },
    "parent": "minecraft:husbandry/live_and_let_dye",
	"rewards": {
		"function": "bc_rewards:animal/scuttler"
    },		
    "criteria": {
        "scute": {
            "trigger": "minecraft:inventory_changed",
            "conditions": {
                "items": [
                    {
						"items": [
							"minecraft:scute"
						]
                    }
                ]
            }
        }
    }
}