{
	"display": {
		"icon": {
			"item": "minecraft:bee_nest"
		},
		"title": {"translate":"Reabelhitação total"},
		"description": {"color":"green","translate":"Mova um Colmeia, com 3 abelhas dentro, usando Toque suave"},
		"announce_to_chat": "true",
		"frame": "goal"
	},
	"parent": "minecraft:husbandry/safely_harvest_honey",
	"rewards": {
		"function": "bc_rewards:animal/total_beelocation"
	},		
	"criteria": {
		"silk_touch_nest": {
			"trigger": "minecraft:bee_nest_destroyed",
			"conditions": {
				"blocks": [
					"minecraft:bee_nest"
				],
				"num_bees_inside": 3,
				"item": {
					"enchantments": [
						{
							"enchantment": "minecraft:silk_touch",
							"levels": {
								"min": 1
							}
						}
					]
				}
			}
		}
	}
}
