{
	"display": {
		"icon": {
			"item": "minecraft:honeycomb"
		},
		"title": {"translate":"Bota cera"},
		"description": {"color":"green","translate":"Aplique um favo de mel a um bloco de cobre"},
		"announce_to_chat": "true"
	},
	"parent": "minecraft:husbandry/safely_harvest_honey",
	"rewards": {
		"function": "bc_rewards:mining/wax_on"
	},		
	"criteria": {
		"obtain_waxed_block": {
			"trigger": "minecraft:inventory_changed",
			"conditions": {
				"items": [
					{
						"tag": "blazeandcave:waxed_copper_blocks"
					}
				]
			}
		},
		"directly_wax_block": {
			"trigger": "minecraft:item_used_on_block",
			"conditions": {
				"location": [
					{
						"condition": "minecraft:location_check",
						"predicate": {
							"block": {
								"tag": "blazeandcave:waxed_copper_blocks"
							}
						}
					},
					{
						"condition": "minecraft:match_tool",
						"predicate": {
							"items": [
								"minecraft:honeycomb"
							]
						}
					}
				]
			}
		}
	},
	"requirements": [
		[
			"obtain_waxed_block",
			"directly_wax_block"
		]
	]
}