{
	"display": {
		"icon": {
			"id": "minecraft:music_disc_relic"
		},
		"title": {"translate":"Summer Eletrohits 1960"},
		"description": {"color":"green","translate":"Escave um registro antigo de dentro das Ruínas da Trilha"},
		"announce_to_chat": true,
		"frame": "goal"
	},
	"parent": "minecraft:adventure/raiders_of_the_lost_trim",
	"rewards": {
		"function": "minecraft:function/adventure/a_chiptune_relic"
	},		
	"criteria": {
		"music_disc_relic": {
			"trigger": "minecraft:inventory_changed",
			"conditions": {
				"items": [
					{
						"items": [
							"minecraft:music_disc_relic"
						]
					}
				]
			}
		}
	}
}