{
	"display": {
		"icon": {
			"id": "minecraft:breeze_rod"
		},
		"title": {"translate":"A vida é um sopro"},
		"description": {"color":"dark_purple","translate":"Mate um vórtice com seu próprio projétil"},
		"announce_to_chat": true,
		"frame": "challenge"
	},
	"parent": "minecraft:adventure/under_lock_and_key",
	"rewards": {
		"function": "minecraft:function/adventure/break_wind"
	},
	"criteria": {
		"blowback": {
			"trigger": "minecraft:player_killed_entity",
			"conditions": {
				"entity": [
					{
						"condition": "minecraft:entity_properties",
						"entity": "this",
						"predicate": {
							"type": "minecraft:breeze"
						}
					}
				],
				"killing_blow": {
					"direct_entity": {
						"type": "minecraft:breeze_wind_charge"
					},
					"tags": [
						{
							"id": "minecraft:is_projectile",
							"expected": true
						}
					]
				}
			}
		}
	}
}