{
	"display": {
		"icon": {
			"id": "minecraft:decorated_pot",
			"components": {
				"minecraft:pot_decorations": [
					"minecraft:brick",
					"minecraft:heart_pottery_sherd",
					"minecraft:brick",
					"minecraft:explorer_pottery_sherd"
				]
			}
		},
		"title": {"translate":"Restauração cuidadosa"},
		"description": {"color":"green","translate":"Crie um vaso decorado com 4 óstracos"},
		"announce_to_chat": true
	},
	"parent": "minecraft:adventure/salvage_sherd",
	"rewards": {
		"function": "minecraft:function/adventure/careful_restoration"
	},		
	"criteria": {
		"pot_crafted_using_only_sherds": {
			"trigger": "minecraft:recipe_crafted",
			"conditions": {
				"recipe_id": "minecraft:decorated_pot",
				"ingredients": [
					{
						"tag": "minecraft:decorated_pot_sherds"
					},
					{
						"tag": "minecraft:decorated_pot_sherds"
					},
					{
						"tag": "minecraft:decorated_pot_sherds"
					},
					{
						"tag": "minecraft:decorated_pot_sherds"
					}
				]
			}
		}
	}
}