{
	"display": {
		"icon": {
			"id": "minecraft:crafting_table"
		},
		"title": {"translate":"Revolução industrial"},
		"description": {"color":"#75E1FF","translate":"Veja uma bancada automática fabricar uma bancada automática"},
		"announce_to_chat": true,
		"frame": "goal"
	},
	"parent": "minecraft:adventure/root",
	"rewards": {
		"function": "minecraft:function/adventure/crafters_crafting_crafters"
	},
	"criteria": {
		"crafter_crafted_crafter": {
			"trigger": "minecraft:crafter_recipe_crafted",
			"conditions": {
				"recipe_id": "minecraft:crafter"
			}
		}
	}
}