{
	"display": {
		"icon": {
			"id": "minecraft:water_bucket"
		},
		"title": {"translate":"Estrela cadente"},
		"description": {"translate":"Sobreviva a uma queda do ponto mais alto do mundo (altura-limite) ao mais baixo"},
		"announce_to_chat": true,
		"frame": "goal"
	},
	"parent": "minecraft:mining/rock_bottom",
	"rewards": {
		"function": "minecraft:function/adventure/caves_and_cliffs"
	},
	"criteria": {
		"fall_from_world_height": {
			"trigger": "minecraft:fall_from_height",
			"conditions": {
				"player": [
					{
						"condition": "minecraft:entity_properties",
						"predicate": {
							"location": {
								"position": {
									"y": {
										"max": -59.0
									}
								}
							}
						},
						"entity": "this"
					}
				],
				"start_position": {
					"position": {
						"y": {
							"min": 319.0
						}
					}
				},
				"distance": {
					"y": {
						"min": 379.0
					}
				}
			}
		}
	}
}