{
	"display": {
		"icon": {
			"id": "minecraft:sentry_armor_trim_smithing_template"
		},
		"title": {"translate":"Upgrades, people. Upgrades."},
		"description": {"color":"green","translate":"Encontre um molde de ferraria"},
		"announce_to_chat": true
	},
	"parent": "minecraft:adventure/root",
	"rewards": {
		"function": "minecraft:function/adventure/good_lookin_treasure"
	},		
	"criteria": {
		"trim_templates": {
			"trigger": "minecraft:inventory_changed",
			"conditions": {
				"items": [
					{
						"items": "#minecraft:trim_templates"
					}
				]
			}
		},
		"netherite_upgrade": {
			"trigger": "minecraft:inventory_changed",
			"conditions": {
				"items": [
					{
						"items": [
							"minecraft:netherite_upgrade_smithing_template"
						]
					}
				]
			}
		}
	},
	"requirements": [
		[
		"trim_templates",
		"netherite_upgrade"
		]
	]
}