{
	"display": {
		"icon": {
			"id": "minecraft:firework_rocket"
		},
		"title": {"translate":"Herói da vila"},
		"description": {"color":"#C900C7","translate":"Defenda uma vila de uma invasão"},
		"announce_to_chat": true,
		"frame": "challenge"
	},
	"parent": "minecraft:adventure/were_being_attacked",
	"rewards": {
		"function": "minecraft:function/adventure/hero_of_the_village"
	},		
	"criteria": {
		"hero_of_the_village": {
			"trigger": "minecraft:effects_changed",
			"conditions": {
				"effects": {
					"minecraft:hero_of_the_village": {}
				}
			}
		}
	}
}