{
	"display": {
		"icon": {
			"id": "minecraft:sculk_sensor"
		},
		"title": {"translate":"Alto e orgulhoso"},
		"description": {"color":"green","translate":"Assopre um Chifre de Cabra no Escuro Profundo"},
		"announce_to_chat": true,
		"frame": "goal"
	},
	"parent": "minecraft:adventure/battle_of_the_bands",
	"rewards": {
		"function": "minecraft:function/adventure/loud_and_proud"
	},			
	"criteria": {
		"goat_horn": {
			"trigger": "minecraft:using_item",
			"conditions": {
				"item": {
					"items": [
						"minecraft:goat_horn"
					]
				},
				"player": [
					{
						"condition": "minecraft:any_of",
						"terms": [
							{
								"condition": "minecraft:entity_properties",
								"entity": "this",
								"predicate": {
									"location": {
										"biomes": "minecraft:deep_dark"
									}
								}
							},
							{
								"condition": "minecraft:entity_properties",
								"entity": "this",
								"predicate": {
									"location": {
										"structures": "minecraft:ancient_city"
									}
								}
							}
						]
					}
				]
			}
		}
	}
}