{
	"display": {
		"icon": {
			"id": "minecraft:chiseled_tuff"
		},
		"title": {"translate":"Minecraft: Jogos Vorazes"},
		"description": {"color":"green","translate":"Entre numa câmara do desafio"},
		"announce_to_chat": true
	},
	"parent": "minecraft:adventure/root",
	"rewards": {
		"function": "minecraft:function/adventure/minecraft_trials_edition"
	},
	"criteria": {
		"minecraft_trials_edition": {
			"trigger": "minecraft:location",
			"conditions": {
				"player": [
					{
						"condition": "minecraft:entity_properties",
						"entity": "this",
						"predicate": {
							"location": {
								"structures": "minecraft:trial_chambers"
							}
						}
					}
				]
			}
		}
	}
}