{
	"display": {
		"icon": {
			"id": "minecraft:deepslate_redstone_ore"
		},
		"title": {"translate":"Golpe baixo"},
		"description": {"color":"dark_purple","translate":"Cause 50 corações de dano com um só golpe de clava"},
		"announce_to_chat": true,
		"frame": "challenge"
	},
	"parent": "minecraft:adventure/minecraft_trials_editio",
	"rewards": {
		"function": "minecraft:function/adventure/meteor_strike"
	},
	"criteria": {
		"overoverkill": {
			"trigger": "minecraft:player_hurt_entity",
			"conditions": {
				"damage": {
					"type": {
						"direct_entity": {
							"type": "minecraft:player",
							"equipment": {
								"mainhand": {
									"items": "minecraft:mace"
								}
							}
						},
						"tags": [
							{
								"id": "minecraft:is_player_attack",
								"expected": true
							}
						]
					},
					"dealt": {
						"min": 100.0
					}
				}
			}
		}
	}
}