{
	"display": {
		"icon": {
			"id": "minecraft:ominous_trial_key"
		},
		"title": {"translate":"Caixa-forte"},
		"description": {"color":"#75E1FF","translate":"Abra um cofre sombrio com uma chave sombria do desafio"},
		"announce_to_chat": true,
		"frame": "goal"
	},
	"parent": "minecraft:adventure/under_lock_and_key",
	"rewards": {
		"function": "minecraft:function/adventure/revaulting"
	},
	"criteria": {
		"revaulting": {
			"trigger": "minecraft:item_used_on_block",
			"conditions": {
				"location": [
					{
						"condition": "minecraft:location_check",
						"predicate": {
							"block": {
								"blocks": "minecraft:vault",
								"state": {
									"ominous": "true"
								}
							}
						}
					},
					{
						"condition": "minecraft:match_tool",
						"predicate": {
							"items": "minecraft:ominous_trial_key"
						}
					}
				]
			}
		}
	}
}