{
	"display": {
		"icon": {
			"id": "minecraft:suspicious_sand"
		},
		"title": {"translate":"Seu lugar é no museu"},
		"description": {"color":"green","translate":"Escove um bloco suspeito e obtenha um óstraco"},
		"announce_to_chat": true
	},
	"parent": "minecraft:adventure/brushed_away",
	"rewards": {
		"function": "minecraft:function/adventure/respecting_the_remnants"
	},	
	"criteria": {
		"has_sherd": {
			"trigger": "minecraft:inventory_changed",
			"conditions": {
				"items": [
					{
						"items": "#minecraft:decorated_pot_sherds"
					}
				]
			}
		}
	}
}