{
    "display": {
        "icon": {
            "id": "minecraft:drowned_spawn_egg"
        },
        "title": {"translate":"Aquaman 2"},
        "description": {"color":"dark_purple","translate":"Passe um dia debaixo d'água"},
        "announce_to_chat": true,
		"frame": "challenge"
    },
    "parent": "minecraft:adventure/sleep_in_bed",
	"rewards": {
		"function": "minecraft:function/adventure/sleep_with_the_fishes"
    },		
    "criteria": {
        "trigger": {
            "trigger": "minecraft:impossible"
        }
    }
}