{
    "display": {
        "icon": {
            "id": "minecraft:black_candle"
        },
        "title": {"translate":"O Ritual do Feliper Começa"},
        "description": {"color":"#000000","translate":"Pegue um pack de velas pretas"},
        "announce_to_chat": true,
		"frame": "goal"
    },
    "parent": "minecraft:adventure/happy_birthday",
	"rewards": {
		"function": "minecraft:function/adventure/the_ritual_begins"
    },		
    "criteria": {
        "black_candle": {
            "trigger": "minecraft:inventory_changed",
            "conditions": {
                "items": [
                    {
						"items": [
							"minecraft:black_candle"
						],
						"count": 64
                    }
                ]
            }
        }
    }
}