{
	"display": {
		"icon": {
			"id": "minecraft:totem_of_undying",
			"components": {
				"minecraft:enchantment_glint_override": true
			}
		},
		"title": {"translate":"À beira da morte"},
		"description": {"color":"green","translate":"Use um totem da imortalidade para enganar a morte"},
		"announce_to_chat": true,
		"frame": "goal"
	},
	"parent": "minecraft:adventure/house_of_psychos",
	"rewards": {
		"function": "minecraft:function/adventure/postmortal"
	},	
	"criteria": {
		"used_totem": {
			"trigger": "minecraft:used_totem",
			"conditions": {
				"item": {
					"items": [
						"minecraft:totem_of_undying"
					]
				}
			}
		}
	}
}
