{
	"display": {
		"icon": {
			"id": "minecraft:spire_armor_trim_smithing_template"
		},
		"title": {"translate":"Roupa nova"},
		"description": {"color":"dark_purple","translate":"Aplique os moldes de ferraria de: espiral, focinho, costelas, profundezas, silêncio, vex, marés e navegador ao menos uma vez"},
		"announce_to_chat": true,
		"frame": "challenge"
	},
	"parent": "minecraft:adventure/trim_with_any_armor_pattern",
	"rewards": {
		"function": "minecraft:function/adventure/smithing_with_style"
	},		
	"criteria": {
		"coast_armor_trim": {
		"conditions": {
				"recipe_id": "minecraft:coast_armor_trim_smithing_template_smithing_trim"
			},
			"trigger": "minecraft:recipe_crafted"
		},
		"dune_armor_trim": {
			"conditions": {
				"recipe_id": "minecraft:dune_armor_trim_smithing_template_smithing_trim"
			},
			"trigger": "minecraft:recipe_crafted"
		},
		"eye_armor_trim": {
			"conditions": {
				"recipe_id": "minecraft:eye_armor_trim_smithing_template_smithing_trim"
			},
			"trigger": "minecraft:recipe_crafted"
		},
		"host_armor_trim": {
			"conditions": {
				"recipe_id": "minecraft:host_armor_trim_smithing_template_smithing_trim"
			},
			"trigger": "minecraft:recipe_crafted"
		},
		"raiser_armor_trim": {
			"conditions": {
				"recipe_id": "minecraft:raiser_armor_trim_smithing_template_smithing_trim"
			},
			"trigger": "minecraft:recipe_crafted"
		},
		"rib_armor_trim": {
			"conditions": {
				"recipe_id": "minecraft:rib_armor_trim_smithing_template_smithing_trim"
			},
			"trigger": "minecraft:recipe_crafted"
		},
		"sentry_armor_trim": {
			"conditions": {
				"recipe_id": "minecraft:sentry_armor_trim_smithing_template_smithing_trim"
			},
			"trigger": "minecraft:recipe_crafted"
		},
		"shaper_armor_trim": {
			"conditions": {
				"recipe_id": "minecraft:shaper_armor_trim_smithing_template_smithing_trim"
			},
			"trigger": "minecraft:recipe_crafted"
		},
		"silence_armor_trim": {
			"conditions": {
				"recipe_id": "minecraft:silence_armor_trim_smithing_template_smithing_trim"
			},	
			"trigger": "minecraft:recipe_crafted"
		},
		"snout_armor_trim": {
			"conditions": {
				"recipe_id": "minecraft:snout_armor_trim_smithing_template_smithing_trim"
			},
			"trigger": "minecraft:recipe_crafted"
		},
		"spire_armor_trim": {
			"conditions": {
				"recipe_id": "minecraft:spire_armor_trim_smithing_template_smithing_trim"
			},
			"trigger": "minecraft:recipe_crafted"
		},
		"tide_armor_trim": {
			"conditions": {
				"recipe_id": "minecraft:tide_armor_trim_smithing_template_smithing_trim"
			},
			"trigger": "minecraft:recipe_crafted"
		},
		"vex_armor_trim": {
			"conditions": {
				"recipe_id": "minecraft:vex_armor_trim_smithing_template_smithing_trim"
			},
			"trigger": "minecraft:recipe_crafted"
		},
		"ward_armor_trim": {
			"conditions": {
				"recipe_id": "minecraft:ward_armor_trim_smithing_template_smithing_trim"
			},
			"trigger": "minecraft:recipe_crafted"
		},
		"wayfinder_armor_trim": {
			"conditions": {
				"recipe_id": "minecraft:wayfinder_armor_trim_smithing_template_smithing_trim"
			},
			"trigger": "minecraft:recipe_crafted"
		},
		"wild_armor_trim": {
			"conditions": {
				"recipe_id": "minecraft:wild_armor_trim_smithing_template_smithing_trim"
			},
			"trigger": "minecraft:recipe_crafted"
		}
	}
}