{
	"display": {
		"icon": {
			"id": "minecraft:trial_key"
		},
		"title": {"translate":"A sete chaves"},
		"description": {"color":"green","translate":"Abra um cofre com uma chave do desafio"},
		"announce_to_chat": true
	},
	"parent": "minecraft:adventure/minecraft_trials_edition",
	"rewards": {
		"function": "minecraft:function/adventure/under_lock_and_key"
	},
	"criteria": {
		"under_lock_and_key": {
			"trigger": "minecraft:item_used_on_block",
			"conditions": {
				"location": [
					{
						"condition": "minecraft:location_check",
						"predicate": {
							"block": {
								"blocks": "minecraft:vault",
								"state": {
									"ominous": "false"
								}
							}
						}
					},
					{
						"condition": "minecraft:match_tool",
						"predicate": {
							"items": "minecraft:trial_key"
						}
					}
				]
			}
		}
	}
}