{
	"display": {
		"icon": {
			"id": "minecraft:emerald_block"
		},
		"title": {"translate":"Veterano da Vila"},
		"description": {"color":"dark_purple","translate":"Consiga o nivel mais alto de herói da vila"},
		"announce_to_chat": true,
		"frame": "challenge"
	},
	"parent": "minecraft:adventure/war_is_coming",
	"rewards": {
		"function": "minecraft:function/adventure/veteran_of_the_village"
	},		
	"criteria": {
		"hero_of_the_village": {
			"trigger": "minecraft:effects_changed",
			"conditions": {
				"effects": {
					"minecraft:hero_of_the_village": {
						"amplifier": {
							"min": 4
						}					
					}
				}
			}
		}
	}
}