{
	"display": {
		"icon": {
			"id": "minecraft:white_banner",
			"components": {
				"minecraft:banner_patterns": [
					{
						"color": "cyan", 
						"pattern": "minecraft:rhombus"
					},
					{
						"color": "light_gray", 
						"pattern": "minecraft:stripe_bottom"
					},
					{
						"color": "gray", 
						"pattern": "minecraft:stripe_center"
					},
					{
						"color": "light_gray", 
						"pattern": "minecraft:border"
					},
					{
						"color": "black", 
						"pattern": "minecraft:stripe_middle"
					},
					{
						"color": "light_gray", 
						"pattern": "minecraft:half_horizontal"
					},
					{
						"color": "light_gray", 
						"pattern": "minecraft:circle"
					},
					{
						"color": "black", 
						"pattern": "minecraft:border"
					}
				]
			}
		},
		"title": {"translate":"Exílio voluntário"},
		"description": {"translate":"Mate um capitão invasor.\nTalvez seja melhor passar um tempo longe das vilas..."},
		"announce_to_chat": true

	},
	"parent": "minecraft:adventure/root",
	"rewards": {
		"function": "minecraft:function/adventure/ive_got_a_bad_feeling_about_this"
	},		
	"criteria": {
		"bad_omen": {
			"trigger": "minecraft:player_killed_entity",
			"conditions": {
				"entity": [
					{
						"condition": "minecraft:entity_properties",
						"entity": "this",
						"predicate": {
							"type": "#minecraft:raiders",
							"type_specific": {
								"type": "raider",
								"is_captain": true
							}
						}
					}
				]
			}
		}
	}
}