{
	"display": {
		"icon": {
			"id": "minecraft:leather_boots",
			"components": {
				"minecraft:dyed_color": 16777215
			}
		},
		"title": {"translate":"Leve como a lebre"},
		"description": {"translate":"Ande sobre a neve fofa sem afundar"},
		"announce_to_chat": true
	},
	"parent": "minecraft:adventure/sleep_in_bed",
	"rewards": {
		"function": "minecraft:function/adventure/light_as_a_rabbit"
	},		
	"criteria": {
		"walk_on_powder_snow_with_leather_boots": {
			"trigger": "minecraft:location",
			"conditions": {
				"player": [
					{
						"condition": "minecraft:entity_properties",
						"predicate": {
							"stepping_on": {
								"block": {
									"blocks": [
										"minecraft:powder_snow"
									]
								}
							},
							"equipment": {
								"feet": {
									"items": [
										"minecraft:leather_boots"
									]
								}
							}
						},
						"entity": "this"
					},
					{
						"condition": "minecraft:inverted",
						"term": {
							"condition": "minecraft:entity_properties",
							"entity": "this",
							"predicate": {
								"type_specific": {
									"type": "player",
									"gamemode": ["spectator"]
								}
							}
						}
					}
				]
			}
		}
	}
}