{
	"display": {
		"icon": {
			"id": "minecraft:wind_charge"
		},
		"title": {"translate":"Voar, voar, subir, subir..."},
		"description": {"color":"green","translate":"Use um projétil de vento para se lançar 8 blocos no ar"},
		"announce_to_chat": true
	},
	"parent": "minecraft:adventure/break_wind",
	"rewards": {
		"function": "minecraft:function/adventure/who_needs_rockets"
	},
	"criteria": {
		"who_needs_rockets": {
			"trigger": "minecraft:fall_after_explosion",
			"conditions": {
				"cause": [
					{
						"condition": "minecraft:entity_properties",
						"entity": "this",
						"predicate": {
							"type": "minecraft:wind_charge"
						}
					}
				],
				"distance": {
					"y": {
						"min": 8.0
					}
				}
			}
		}
	}
}