{
	"display": {
		"icon": {
			"item": "minecraft:netherite_boots"
		},
		"title": {"bold":"true","translate":"65","extra":[{"text":" "},{"bold":"false","translate":"horas de caminhada"}]},
		"description": {"color":"light_purple","translate":"Caminhe 1000km."},
		"announce_to_chat": "true",
		"frame": "challenge",
		"hidden": "true"
	},
	"parent": "minecraft:stats/i_enjoy_long_walks_and_playing_minecraft",
	"rewards": {
		"function": "bc_rewards:statistics/65_hours_of_walking"
	},		
	"criteria": {
		"trigger": {
			"trigger": "minecraft:location",
			"conditions": {
				"player":  {
					"type_specific": {
						"type": "player",
						"stats": [
							{
								"type": "minecraft:custom",
								"stat": "minecraft:walk_one_cm",
								"value": {
									"min": 100000000
								}
							}
						]
					}
				}
			}
		}
	}
}