{
    "display": {
        "icon": {
            "item": "minecraft:panda_spawn_egg"
        },
        "title": {"translate":"Mestre Shifu"},
        "description": {"color":"dark_purple","translate":"Agache por 10km"},
        "announce_to_chat": "true",
		"frame": "challenge"
    },
    "parent": "minecraft:stats/your_legs_must_be_tired",
	"rewards": {
		"function": "bc_rewards:statistics/ancient_kung_fu_master"
    },		
    "criteria": {
		"trigger": {
			"trigger": "minecraft:location",
			"conditions": {
				"player":  {
					"type_specific": {
						"type": "player",
						"stats": [
							{
								"type": "minecraft:custom",
								"stat": "minecraft:crouch_one_cm",
								"value": {
									"min": 1000000
								}
							}
						]
					}
				}
			}
		}
	}
}