{
	"display": {
		"icon": {
			"item": "minecraft:acacia_leaves"
		},
		"title": {"translate":"pula-pula da pracinha"},
		"description": {"color":"dark_purple","translate":"pule 10000 vezes"},
		"announce_to_chat": "true",
		"frame": "goal"
	},
	"parent": "minecraft:stats/root",
	"rewards": {
		"function": "bc_rewards:statistics/boing_boing"
	},		
	"criteria": {
		"trigger": {
			"trigger": "minecraft:location",
			"conditions": {
				"player":  {
					"type_specific": {
						"type": "player",
						"stats": [
							{
								"type": "minecraft:custom",
								"stat": "minecraft:jump",
								"value": {
									"min": 10000
								}
							}
						]
					}
				}
			}
		}
	}
}