{
    "display": {
        "icon": {
            "item": "minecraft:firework_rocket"
        },
        "title": {"translate":"Feliz Ano Novo!"},
        "description": {"color":"dark_purple","translate":"Jogue por um ano inteiro no minecraft!"},
        "announce_to_chat": "true",
		"frame": "challenge"
    },
    "parent": "minecraft:stats/root",
	"rewards": {
		"function": "bc_rewards:statistics/happy_new_year"
    },		
    "criteria": {
        "trigger": {
            "trigger": "minecraft:impossible"
        }
    }
}