{
    "display": {
        "icon": {
            "item": "minecraft:enchanted_book",
			"nbt": "{Enchantments:[{id:\"minecraft:unbreaking\",lvl:1}]}"
        },
        "title": {"translate":"Ficando Velho"},
        "description": {"color":"dark_purple","translate":"Atinja 100 de experiência!"},
        "announce_to_chat": "true",
		"frame": "goal"
    },
    "parent": "minecraft:stats/root",
	"rewards": {
		"function": "bc_rewards:statistics/overlevelling"
    },		
    "criteria": {
        "trigger": {
            "trigger": "minecraft:location",
			"conditions": {
				"player":  {
					"type_specific": {
						"type": "player",
						"level": {
							"min": 100
						}
					}
				}
			}
        }
    }
}