{
    "display": {
        "icon": {
            "item": "minecraft:writable_book"
        },
        "title": {"translate":"Estatísticas"},
        "description": {"color":"green","translate":"É maior, é melhor!"},
        "background": "minecraft:textures/block/loom_side.png",
        "show_toast": false,
        "announce_to_chat": true
    },
    "rewards": {
        "function": "bc_rewards:statistics/root"
    },		
    "criteria": {
        "diamond": {
            "trigger": "minecraft:inventory_changed",
            "conditions": {
                "items": [
                    {
						"items": [
							"minecraft:diamond"
						]
                    }
                ]
            }
        },
        "entered_nether_portal": {
            "trigger": "minecraft:enter_block",
            "conditions": {
				"block": "minecraft:nether_portal"
            }
        },
        "entered_end_portal": {
            "trigger": "minecraft:enter_block",
            "conditions": {
				"block": "minecraft:end_portal"
            }
		}
    },
    "requirements": [
		[
        "diamond",
        "entered_nether_portal",
		"entered_end_portal"
		]
    ]
}