{
    "display": {
        "icon": {
            "item": "minecraft:phantom_membrane"
        },
        "title": {"translate":"14-Bis"},
        "description": {"color":"green","translate":"Voe 10km com a Elytra!"},
        "announce_to_chat": "true"
    },
    "parent": "minecraft:stats/root",
	"rewards": {
		"function": "bc_rewards:statistics/take_to_the_skies"
    },		
    "criteria": {
        "trigger": {
            "trigger": "minecraft:location",
			"conditions": {
				"player":  {
					"type_specific": {
						"type": "player",
						"stats": [
							{
								"type": "minecraft:custom",
								"stat": "minecraft:aviate_one_cm",
								"value": {
									"min": 1000000
								}
							}
						]
					}
				}
			}
        }
    }
}