{
    "display": {
        "icon": {
            "item": "minecraft:lapis_block",
			"nbt": "{Enchantments:[{id:\"minecraft:unbreaking\",lvl:1}]}"
        },
        "title": {"translate":"This is sparta"},
        "description": {"color":"dark_purple","translate":"Atinja 300 de experiência!"},
        "announce_to_chat": "true",
		"frame": "challenge"
    },
    "parent": "minecraft:stats/overlevelling",
	"rewards": {
		"function": "bc_rewards:statistics/xp_grinder"
    },		
    "criteria": {
        "trigger": {
            "trigger": "minecraft:location",
			"conditions": {
				"player":  {
					"type_specific": {
						"type": "player",
						"level": {
							"min": 300
						}
					}
				}
			}
        }
    }
}